q,Name,Year,Description,Institution,Students count
53,asd,2,Enter description for this class,2,0
52,Biological Science 350,1,"Tracto non paulatim. Caterva ars utique. Libero suffoco minus.
Volaticus maxime cinis. Bestia numquam tersus. Molestiae rerum claudeo.
Sint temptatio et. Amplexus creber et. Ascisco tripudio conservo.
Numquam ipsam cohibeo. Civis casso volubilis. Adipiscor cresco recusandae.
Et territo suscipio. Spiculum damnatio caute. Crur delicate cohibeo.
Cohors vitium bellicus. Reprehenderit stella delego. Ullus ventito amissio.
Et ait peccatus. Qui texo bellicus. Anser caries amor.
Unde natus amplexus. Decretum tempore audacia. Varietas substantia cito.
Voluptates ea animi. Spiculum bellum tabella. Ante sponte subseco.
Verumtamen iste absens. Adamo aduro non. Denique cito abduco.
Vox curia tergiversatio. Aetas coruscus solvo. Sum demum timidus.
Eius vito aut. Antea asper timor. Tempora unde et.
Ullam textilis animi. Adversus aqua spoliatio. Vulnero aveho viridis.
Alioqui desparatus virga. Credo trepide deprecator. Credo pax omnis.",4,1
51,Computer Science 144,5,"Delectatio cilicium corporis. Verumtamen attonbitus theca. Color molestias vinculum.
Porro solus congregatio. Cohors volutabrum crapula. Aggredior colo titulus.
Adaugeo spes vulnus. Non ascit autem. Excepturi tribuo nulla.
Adultus ventito verbum. Vorago patior audentia. Communis sursum vulgaris.
Minima cena bos. Et amita accendo. Contra crustulum saepe.",1,0
50,Psychology 544,3,"Uter mollitia dolores. Aperte aliquid patruus. Ait talio vulgus.
Animi ago damnatio. Eligendi abbas communis. Considero ascisco debeo.
Testimonium surgo vobis. Volo numquam deleniti. Sollicito volo terga.
Aeger vacuus vindico. Carpo dignissimos non. Facilis peior temeritas.
Amplexus audacia attollo. Accusator coruscus certo. Utilis quibusdam catena.
Casso conqueror curso. Volaticus rerum auditor. Unde creber triginta.
Alter tener viridis. Talio cohors acidus. Cometes decimus adipiscor.
Sollicito cras qui. Subiungo culpo aufero. Defaeco cura tertius.
Vulticulus valetudo volo. Autus ocer voluptatem. Volva vulgaris supra.
Sustineo arbustum voco. Curo vigor cattus. Cotidie correptius adiuvo.
Cibo auditor paulatim. Creator tantillus victoria. Corona tricesimus calculus.
Claudeo valetudo sustineo. Defleo ventus subito. A sordeo virgo.
Utroque vomer corrupti. Defetiscor thesaurus tabesco. Votum eaque desino.
Temporibus solus aestivus. Cupiditate amet sunt. Conturbo cogo coniecto.
Aspernatur victus spoliatio. Surgo amplus perferendis. Crapula repellendus tenetur.
Crastinus doloribus tubineus. Coma complectus cotidie. Vigor adfero curtus.
Commemoro quibusdam torrens. Absens volutabrum valeo. Ex vitiosus accusamus.",3,0
49,Design 256,4,"Vindico unde traho. Dolore colligo crudelis. Vigilo accipio vado.
Eveniet arma caelestis. Benigne sum hic. Suus avaritia coniecto.
Aut tantillus qui. Curiositas copiose traho. Quia vigor curatio.
Cado cruciamentum subnecto. Coaegresco cerno tepidus. Confugo nam animus.
Alii supellex amplus. Celer commodo tabesco. Suffoco auctor et.
Articulus textilis vere. Solutio caute verus. Amissio annus ater.
Turpis sit conicio. Venia strenuus teres. Tunc sulum talus.
Tactus sopor bibo. Unus arto ademptio. Similique vinculum timidus.
Textus commodo natus. Apto aperte dolorem. Texo ullus cupio.
Quis consuasor omnis. Mollitia conservo ciminatio. Corrigo adaugeo id.
Accommodo omnis colligo. Cumque autem correptius. Tergo depulso et.
Curatio vestrum damno. Sunt suggero adhaero. Conduco torrens ultio.
Careo adsuesco aperiam. Sortitus vulnus eveniet. Deleniti canonicus convoco.
Absconditus turbo tenuis. Et uterque arcesso. Coruscus blandior validus.
Alioqui magnam agnitio. Itaque officiis cibus. Celebrer video adfectus.
Verus ea tollo. Cauda cresco crastinus. Calcar vehemens arcus.
Thalassinus dolorem coma. Ustulo pauci capio. Veniam solum vestrum.
Appono cimentarius enim. Quidem distinctio tutis. Ducimus arma surgo.
Solum rem abundans. Conduco texo cohibeo. Capio cogito consequatur.
Tertius bellicus vilicus. Vinum tonsor somnus. Qui sponte quaerat.
Caveo administratio desidero. Et celo articulus. Thalassinus teres ducimus.
Admiratio accusator delibero. Valeo tumultus conspergo. Vos tabula valens.
Despirmatio rerum cognomen. Optio comparo adhaero. Attero verbera quia.
Caute ventosus mollitia. Adulatio crebro accedo. Vigilo aufero congregatio.
Deleo articulus eius. Umquam et ambitus. Dolore virga acceptus.
Absorbeo ducimus somniculosus. Ea argumentum cur. Vulgo recusandae officia.
Adsum canonicus aut. Taedium ter vulticulus. Derideo spiculum sono.
Crux valde suggero. Demoror corrumpo arbor. Cunabula decet utique.
Acerbitas reprehenderit suscipio. Adficio temptatio curriculum. Viduo inventore vulnero.
Substantia ut acceptus. Ut consectetur valeo. Consequuntur a vado.
Bibo tot volup. Capio calculus sed. Amet angelus tactus.
Speculum animi unus. Ambitus carpo vomica. Acceptus adduco curto.
Vetus amplus odit. Molestias coniuratio aro. Saepe rerum tamquam.
Ait contabesco apud. Sol deorsum alter. Vigor tactus ducimus.
Adsidue depromo confido. Vilis arcus nihil. Cicuta cuppedia reprehenderit.
Utpote adfero et. Maxime communis nemo. Astrum cuius comburo.
Culpo tristis curo. Territo dolore delectus. Accendo adiuvo audentia.
Curso despirmatio tutamen. Vis voveo contra. Thesaurus sui vinculum.
Tamisium colloco careo. Atque sit utique. Acies ubi fugiat.
Amaritudo nihil debilito. Absque est victoria. Et tredecim benevolentia.
Aperio sono hic. Umbra surgo audacia. Culpo deserunt ceno.
Abstergo conventus cur. Tyrannus demo vitiosus. Decimus id adstringo.
Ut et et. Balbus eos coadunatio. Armo surgo defleo.
Video ad vicissitudo. Neque capio avarus. Curriculum adimpleo velit.
Sperno vindico succurro. Sint agnitio deorsum. Ciminatio absconditus accipio.
Defaeco aegrotatio adeptio. Convoco bis animi. Coniecto absens unde.
Possimus vinco vulnus. Tricesimus cubo amplexus. Aperiam vinco callide.
Curso angustus contigo. Comptus curatio comitatus. Catena aduro ancilla.
Conor doloremque vorago. Vicinus thermae cattus. Delego delectatio abundans.
Amiculum templum antepono. Depono deprecator apparatus. Capio censura sto.",3,2
48,Biomedical Science 483,5,"Voluptas eaque atrocitas. Pax amet vinculum. Tergiversatio tactus atrocitas.
Totidem necessitatibus spes. Solitudo commodo stips. Ullus enim alioqui.
Vesco quibusdam apto. Vilicus deorsum fugiat. Tremo tabgo creptio.
Culpa adfectus sollicito. Aestus dedecor alter. Terebro deprecator capillus.
Vigor cum curia. Temptatio theca dolor. Maiores utilis adfero.
Eum comitatus votum. Delinquo doloremque arguo. Depereo avarus viriliter.
Ratione aliqua animadverto. Vis omnis triginta. Fugiat molestias comburo.
Arbor deserunt omnis. Correptius tergum adipisci. Theatrum vilis tantum.
Audio aveho ascit. Sulum vero ars. Colloco audax cura.
Vereor molestiae auxilium. Delego calcar aut. Celer cupio nobis.
Suppellex aut nesciunt. Quibusdam allatus turba. Somnus carcer aer.
Capto terreo thalassinus. Ademptio aequus deficio. Beatae venustas temptatio.
Porro eligendi causa. Abstergo aro tergo. Acies villa vaco.
Ancilla suus bene. Alius cognatus adinventitias. Usitas armarium vado.
Commodo appello fugiat. Crur supellex astrum. Armo recusandae vulpes.
Aptus nostrum utor. Esse statim aestivus. Derelinquo crur compono.
Vestigium vindico dolorem. Bardus modi ex. Est umerus veritatis.
Cupiditas vinum ait. Balbus creta aegrus. Valeo rerum curatio.
Magni patria acerbitas. Amissio crastinus depopulo. Facilis culpo nam.
Correptius surgo crur. Bellum verbera curo. Alienus vinco abutor.
Absque aegrotatio statua. Congregatio auris vos. Vir commodi et.
Voluntarius illum cruentus. Vilitas animus defigo. Dolores vergo demulceo.
Denego auxilium tego. Similique quibusdam tendo. Crux sit una.
Tersus calco ratione. Iste degero sequi. Demo baiulus vinitor.
Consequatur sopor minima. Quia ambulo est. Tandem vix voluptatem.
Tabgo sulum cur. Aduro vero auxilium. Defessus explicabo arca.
Caterva cogo ago. Error eveniet occaecati. Exercitationem est est.
Terminatio demitto clam. Corrumpo candidus aro. Ut apparatus somnus.
Despirmatio astrum unde. Angustus deduco tamquam. Tabesco antiquus et.
Tepidus libero voluptatem. Armarium utpote argentum. Termes autus a.
Venio quia vergo. Vesica usque verumtamen. Aggredior terga minima.
Agnitio demergo aequus. Appositus distinctio cognatus. Victus articulus sordeo.
Cena cum patria. Quis subnecto atrocitas. Cum clam admitto.
Bestia tergo vicissitudo. Textilis et vilitas. Dolore victus vicissitudo.
Approbo modi certo. Toties spoliatio bene. Amo rerum tumultus.
Tabesco voluptas appello. In adaugeo aedificium. Alveus claustrum similique.
Carcer contigo sublime. Ratione volva vespillo. Atque ater vestrum.
Arbitro textor socius. Valde corroboro conspergo. Ciminatio talus ut.",4,7
47,Psychology 152,5,"Aperte defessus arcus. Valetudo vacuus conforto. Vitiosus caveo caries.
Volup voluptates somniculosus. Vomer depraedor virgo. Admoneo cogito adipiscor.
Angelus aro depono. Collum curia aetas. Vulticulus sum xiphias.
Tactus ambulo apparatus. Sol patior umerus. Aliquam absum tabesco.
Aegrus ut defluo. Benigne laudantium bibo. Carus stella terebro.
Allatus accedo patruus. Quia arguo dicta. Tero vulariter vesco.
Autus voro qui. Denego est comes. Provident pecus utrum.
Demonstro crudelis vulgivagus. Totus verbum sollers. Attero odio vomica.
Tredecim cruciamentum voluntarius. Venustas dedecor carcer. Curiositas adsuesco apparatus.
Absens et cena. Creta depulso allatus. Quisquam cras ter.",6,10
46,Teaching 496,4,"Basium est vomito. Somniculosus copiose tergiversatio. Tamisium benevolentia caste.
Subseco alii cedo. Ustulo tot dolor. Vorago tabgo casso.
Veniam rerum adficio. Titulus adipisci conicio. Rerum deleniti absum.
Uter et ustulo. Corroboro sunt vix. Aperte turbo absque.
Cras verbera caelestis. Derideo subito arbustum. Balbus vomito vulpes.
Adopto defetiscor thesaurus. Sunt carpo rerum. Cervus officia trado.
Cognomen trucido confido. Id amaritudo thema. Verto advenio attollo.
Admitto voluntarius vito. Ambulo comprehendo defleo. Voveo cura solium.
Modi animi urbanus. Paulatim barba comis. Acceptus trans conspergo.
Trucido sit depraedor. Depromo sollicito tersus. Arma volup vallum.
Cohaero ustilo volup. Capio veritas aqua. Valde debitis similique.
Consuasor absens et. Decor illo quis. Combibo comminor defigo.
Trado curso eum. Adulescens deserunt campana. Tunc adhaero aggredior.
Beneficium appello campana. Tamisium cohaero defero. Velit victus est.
Adhaero colo aqua. Tendo amaritudo calculus. Thermae debilito taedium.
Amissio vomica voveo. Turpe thesis attollo. Despirmatio articulus contigo.
Id illo optio. Coerceo torrens deporto. Victus adopto thorax.
Curriculum velit caries. Et iste vere. Consectetur subnecto tenax.
Coruscus rerum vestrum. Facere caecus admitto. Tricesimus pel qui.
Antepono ullam vel. Tergum adflicto apparatus. Repellendus libero stipes.
Voluptatem aufero utroque. Cetera asperiores curatio. Umerus tergeo voluptatibus.
Compello tredecim quod. Certe explicabo talis. Allatus validus tollo.
Exercitationem blandior nostrum. Varietas vis canto. Officiis et constans.
Calco deficio amitto. Placeat conspergo acidus. Reiciendis derideo in.
Vel campana vetus. Aut approbo auditor. Conitor temeritas tergo.
Tergiversatio curto quo. Tres volutabrum adsuesco. Crur turbo acquiro.
Voluptatem ventus aestas. Ocer sit voluptatem. Sponte culpo vilicus.
Velut quis vilis. Spoliatio crustulum degero. Ait rerum esse.
Voro coma commodi. Neque aggredior tabula. Demens spargo brevis.
Qui tot magni. Optio cattus ratione. Admitto triduana est.
Ut apto timor. Succedo asperiores appositus. Provident voluptatibus thesaurus.
Advoco canis cubicularis. Arcesso adinventitias desparatus. Vilitas una abscido.
Defaeco deleo cumque. Vito acervus labore. Pecco tui creator.
Alioqui ab articulus. Enim speciosus tamen. Thorax thymum agnosco.
Ambulo cur adsuesco. Voluptatem cotidie iusto. Agnosco atque decens.
Apostolus decipio adversus. Suscipio verbum comminor. Explicabo ea ultio.
Aiunt studio theatrum. Demens allatus cognomen. Convoco carmen aetas.
Corrigo auctus coniuratio. Adulatio traho non. Appositus abbas angustus.
Coepi facere benevolentia. Cumque curo casus. Coerceo canonicus vulgaris.
Utique assentator coniecto. Considero viriliter supellex. Tumultus cuius adopto.
Vita asporto stips. Ultio utroque avarus. Terga civis qui.
Cibo solio adsidue. Contabesco thorax cur. Quibusdam supplanto iusto.
Et aer via. Solum rem comparo. Ocer et calcar.
Admoneo considero clam. Communis depereo adulatio. Celebrer curvo cura.
Atavus cubo tremo. Advoco universe corporis. Solum valens adulescens.
Debilito dens vehemens. Terror velum cattus. Tergiversatio ipsum argentum.",2,1
45,Teaching 182,4,"Sursum voluptatem admiratio. Demergo iure caute. Tersus calculus canis.
Casso viduo apparatus. Acies vel turpe. Caste apostolus pel.
Curvus desipio celer. Appono cubicularis taceo. Causa natus anser.
Brevis unde thesaurus. Vitae tracto desidero. Torrens qui adamo.
Maiores placeat viduo. Abeo copia ipsa. Vociferor ancilla cogito.
Ubi itaque voluptatem. Alveus voluptas somniculosus. Colligo sulum tubineus.
Vilitas praesentium dapifer. Curatio aut explicabo. Coerceo enim barba.
Venustas deficio territo. Cognomen temporibus virga. Solium bestia vesica.
Tabernus vigor nemo. Adflicto non calculus. Conculco corrigo verbum.
Adhaero corrumpo claro. Chirographum cruentus nihil. Deinde tabula corroboro.
Suspendo vespillo amiculum. Eius colo vultuosus. Adflicto ascisco abscido.
Adiuvo uterque ducimus. Tersus bardus advoco. Cultellus decipio adinventitias.
Blanditiis decerno delicate. Pel copiose tumultus. Infit tredecim brevis.
Vetus et tyrannus. Pecto victus coepi. Vulgus amita dolore.
Suscipio commodo certo. Sumo corrumpo animadverto. Cognomen confero stella.
Uredo damnatio adflicto. Comminor suffragium tot. Amissio quis certus.
Bibo confero cohibeo. Venustas aliqua adhuc. Vir voluptatem creber.
Torrens utpote bestia. Sordeo aperio traho. Optio tenuis color.
Titulus tertius est. Dolorum angustus ea. Celo clibanus altus.
Atrox commodi vulpes. Peior expedita vociferor. Defluo turpis necessitatibus.
Utrimque caste possimus. Altus velit decretum. Alienus ante modi.
Et atavus adhaero. Adnuo attonbitus catena. Admoveo vero delicate.
Suasoria comminor facilis. Urbs aut solutio. Aestus omnis tonsor.
Delego tum combibo. Vindico deleniti suscipit. Summisse conscendo arma.
Inventore tondeo amiculum. Amoveo animus adduco. Dolorem defleo rerum.
Viridis qui tempus. Illo cavus chirographum. Allatus ulciscor vulariter.
Admitto sopor arca. Terror curriculum enim. Voro aptus tollo.
Demoror cubo corona. Patruus velum voco. Vilicus basium alii.",6,9
44,Forensic Science 225,1,"Volva amitto aggredior. Vorax beatae validus. Sumo accendo suus.
Tumultus attonbitus corrigo. Qui vilitas capto. Crustulum vivo solutio.
Coepi cunae attollo. Somniculosus illo sperno. Earum decretum comptus.
Uredo timor bellum. Centum magnam totam. Minus damnatio casso.
Cumque tribuo adipiscor. Aureus uxor quam. Caritas quibusdam vix.
Amplitudo ea absconditus. Contego clam dapifer. Acer ipsum quod.
Tollo auris utpote. Caterva quos tristis. Caveo tenetur contego.
Amet canis tergeo. Sui eius quas. Viridis territo voco.
Autem nihil tergiversatio. Confido provident nostrum. Celebrer calco cariosus.
Arto eaque caelestis. Patrocinor thesaurus supra. Angelus venio cubicularis.
Et cohors succedo. Aut corona voco. Stipes cogito defetiscor.
Conspergo autem ager. Consequatur conduco aiunt. Convoco absconditus autus.
Aetas corporis vulnero. Itaque non in. Conor vicissitudo audeo.
Decet sui alius. Asporto virtus thema. Desolo despirmatio consequuntur.
Vulpes supplanto audax. Minus sit delego. Ambitus trans apostolus.
Delectus aestivus thesaurus. Cunabula consequatur curtus. Amissio adversus basium.
Nam vero crebro. Consequatur calcar dolores. Sol aut aperiam.
Aliqua defessus denique. Amaritudo apto omnis. Chirographum ventito caste.
Aequitas casso currus. Alveus cur curis. Combibo paens amoveo.
Denuo ea cubo. Suspendo amplitudo decretum. Arma agnosco tamquam.
Volutabrum contego commemoro. Valens contra titulus. Vulgivagus convoco aufero.
Circumvenio tantum vapulus. Spectaculum saepe auctor. Cornu adfectus apparatus.",3,4
43,Criminology 480,1,"Armo dapifer nam. Tricesimus sub cauda. Defigo depraedor quo.
Adduco beatus tenetur. Adsuesco theologus depulso. Allatus cubitum tres.
Demum volaticus laborum. Crapula terra tripudio. Succurro apparatus cunae.
Odio tutamen quia. Beatus alii infit. Timidus virga vado.
Clarus antepono undique. Vigilo stips ut. Aegrotatio quas sopor.
Consequatur administratio umquam. Confugo virgo umquam. Timidus explicabo aliquam.
Nam sopor amet. Sono totam cogito. Cunae compello damno.
Territo aro cohors. Sequi capillus crebro. Ut suscipit aliqua.
Credo delectatio approbo. Corporis admoveo tabgo. Canto qui et.
Cavus vivo aperte. Autus defluo decet. Sequi harum subseco.
Harum demitto commodi. Distinctio temperantia thorax. Teres xiphias celebrer.
Magnam vir uter. Arca votum apud. Coaegresco attonbitus canis.
Crustulum spoliatio spiculum. Utique deporto vere. Tantum vicissitudo statim.
Unde curatio conqueror. Suggero compello adeo. Convoco aut ater.
Defungo desidero chirographum. Deorsum ulterius dolores. Creo universe unus.
Vinitor denuo assentator. Conspergo texo terebro. Cuius vestrum spoliatio.
Omnis delego termes. Tamen demo amitto. Tamisium antepono rerum.
Delibero explicabo ut. Damnatio curatio solus. Ustulo demo talus.
Texo crux quidem. Cogo triduana terminatio. Comitatus quae tempus.
Creptio annus spiculum. Canto cognatus aduro. Alter nulla agnosco.
Stultus crepusculum carpo. Tener cito venia. Vulticulus sum dolore.
Solus velit una. Suscipit corpus uberrime. Arca cenaculum ducimus.
Textus non rerum. Distinctio usque deserunt. Tabesco coniecto supra.
Utrum virtus totam. Vel aut pecco. Amplitudo vinco alioqui.
Tergiversatio condico adhaero. Argumentum rerum clibanus. Tenus strues quibusdam.
Contego tactus adulatio. Vinco tricesimus advenio. Caries audax aveho.
Allatus aut decet. Blandior vaco crepusculum. Patrocinor vociferor termes.
Adfero soleo cicuta. Cornu cunctatio stella. Acervus considero sunt.
Deripio sit tracto. Vetus similique aurum. Thorax aut aspicio.
Umerus arcesso triduana. Attonbitus clementia officia. Quos capillus voluptatum.
Perferendis voluptatem suus. Thymbra cuius veritas. Congregatio anser veritas.
Sonitus surculus at. Tenax concedo accommodo. Bibo agnosco curia.
Cogito atqui civitas. Vomica solitudo decet. Triduana veritas usitas.
Atrox tertius antiquus. Chirographum calco viscus. Quia curtus concedo.",3,3
42,Criminology 513,3,"Tabgo turba teres. Adinventitias capillus ustulo. Apto vorax tabgo.
Abeo aut celebrer. Defaeco suadeo vulariter. Pecto voluptatem canonicus.
Tollo expedita cuppedia. Assumenda pectus sumo. Assumenda eveniet voveo.
Titulus capitulus cur. Autus rerum vesica. Est caelestis vesco.
Vae exercitationem non. Advoco ut cubo. Inflammatio terra addo.
Creber summopere surgo. Statim comptus tyrannus. Attero tamquam contigo.
Vulgivagus thymum quibusdam. Vulticulus coadunatio ascit. Autem audax temperantia.
Decor dolorem stipes. Voluptas tenuis nihil. Sublime torrens patrocinor.
Villa despecto turba. Aliquam deserunt autem. Vulticulus nihil spes.
Candidus currus demitto. Victus viduata cum. Assentator culpo varius.
Amplitudo cum asporto. Nisi aeger tumultus. Cupressus cui maxime.
Pauper depromo cumque. Cunctatio supellex tabesco. Sublime condico summisse.
Amissio denuo ait. Coepi virga tertius. Antepono color confero.
Tempore vel ullam. Succedo nulla voluptate. Eum urbanus umbra.
Et sit ea. Molestias cotidie vulpes. Urbs cubicularis neque.",5,9
41,Applied Science (Psychology) 452,3,"Delibero aut tenuis. Voco creber et. Vilicus iste dolorem.
Numquam ars addo. Decimus cena id. Qui officia aut.
Certe debeo vultuosus. Crux et statim. Sodalitas tenuis fugit.
Voluptatibus curriculum arcus. Delicate celo desidero. Laborum texo aut.
Auxilium via solum. Auctor consequuntur territo. Quaerat bellicus clamo.
Valeo cornu ratione. Terror nam communis. Solus doloribus cavus.
Socius amicitia amplexus. Tabesco ademptio supellex. Vergo accusantium inventore.
Accommodo absconditus coaegresco. Soleo aut facilis. Custodia adipisci cohors.
Terebro bibo sustineo. Doloribus triduana acquiro. Adflicto accusator alii.
Solitudo theca undique. Vester aestus uredo. Stips curis consuasor.
Nobis certus excepturi. Theologus sit taedium. Titulus comes aurum.
Tempore alioqui vel. Thymum adultus tantum. Tracto sint error.",2,2
40,Design 474,4,"Conicio absum velut. Repellendus strues verto. Ulterius consequuntur theca.
Dicta acidus censura. Est sum eum. Video voluptatem acer.
Carbo advenio ademptio. Tibi ultra et. Labore atavus qui.
Attollo adhaero est. Attollo iste universe. Supellex tollo vulticulus.
Quisquam cohaero vomito. Usque debeo somniculosus. Conduco rerum comes.
Aurum sequi id. Amiculum aggero viscus. Doloribus ultio trucido.
Delinquo qui vos. Ab argentum cerno. Attero apto umquam.
Calamitas tergum cura. Tempore demo careo. Curatio alveus depopulo.
Bestia vel veritatis. Et curis adhuc. In acervus cribro.
Creber animi aequus. Talis facilis demonstro. Armo aegre textilis.
Cauda bis coniecto. Caveo delectus charisma. Veritas sub colligo.
Tero adamo turpe. Possimus truculenter tertius. Odio ocer cognomen.
Odit error mollitia. Ipsa beneficium ait. Accusantium sulum atrox.
Optio tui canis. Vitae debilito avaritia. Uberrime sollicito incidunt.
Censura confero coerceo. Patrocinor nostrum statua. Sustineo creta spoliatio.
Tempora autem ademptio. Odit itaque supellex. Nam arbitro adfero.
Benigne aut debitis. Dicta amitto adsuesco. Arcus tergo cerno.
Aurum teres consequuntur. Pectus carbo tantillus. Vilis tergiversatio vereor.
Qui uterque suscipio. Damnatio enim comes. Calco amplitudo tamen.
Uterque repellat valetudo. Curia tracto adaugeo. Corpus termes adimpleo.
Sol sint aer. Stillicidium damno sto. Sordeo impedit conitor.
Vir cunabula possimus. Tubineus vulticulus stillicidium. Audio ventito decimus.
Argentum acervus fuga. Culpa qui amita. Quia adaugeo dens.
Nam copia circumvenio. Expedita caecus ascit. Enim compono alienus.
Suffragium depono bellum. Repellat testimonium cunabula. Eaque deporto accommodo.
Suadeo velociter benigne. Statua velit qui. Comparo comis itaque.
Aestus velit decimus. Ante voluptas vere. Ustulo tribuo caveo.",2,1
39,Business 455,5,"Vulnero eligendi et. Deduco incidunt vapulus. Virga amitto bibo.
Cauda adicio carcer. Aufero delicate volva. Aestas atqui deleniti.
Nihil amita speciosus. Bestia natus degusto. Aequus comminor varietas.
Claustrum basium distinctio. Auctor blandior verbum. Adulescens casso uter.
Contabesco aeneus eum. Solio caelestis adstringo. Aut voro soleo.
Bibo non conatus. Peccatus corroboro tendo. Aegre voluptate corona.
Ceno ventito caput. Templum vorax deinde. Absque ut amicitia.
Corporis non canto. Ver adstringo tremo. Aut auditor volaticus.
Curtus autem adsidue. Qui comedo traho. Ea bellum pax.
Impedit supra qui. Tredecim vociferor thesis. Conventus attollo volva.
Fugit pauper et. Porro stabilis facere. Facilis paens voluptas.
Suffoco coadunatio quae. Decretum cohaero tardus. Fuga cometes numquam.
Vitium substantia amet. Veritatis at vesco. Cervus coruscus varietas.
Volaticus soleo tersus. Addo artificiose nihil. Testimonium minus vallum.
Arma modi adnuo. Careo clarus amicitia. Adiuvo adimpleo reprehenderit.
Cunabula dicta expedita. Nisi creptio animus. Argumentum asperiores adhuc.
Demoror tersus contabesco. Cras votum nesciunt. Animi sollicito coniuratio.
Sunt caritas vociferor. Voveo voluptatem possimus. Charisma delicate et.",2,0
38,Biological Science 267,1,"Carbo consequatur aranea. Vobis una stultus. Temperantia delectatio ulterius.
Deficio thesis tredecim. Aspernatur ea adeptio. Fuga truculenter delego.
Defleo tenuis corrupti. Quasi vergo agnitio. Distinctio umerus calculus.
Aut tantillus comburo. Amicitia et molestiae. Velit caute vitiosus.
Comptus apparatus alias. Synagoga cubitum canto. Casus tunc consequatur.
Amor quibusdam utrum. Peccatus bibo taceo. Coma sunt taedium.
Color baiulus summisse. Blanditiis approbo cenaculum. Sit corrumpo theatrum.
Tabesco qui succurro. Denuo eligendi toties. Comis pauper sponte.
Thema bellicus rerum. Vita perspiciatis mollitia. Despecto bos et.
Theca suus eveniet. Facere molestiae confero. Porro arcesso cito.
Curtus volubilis stips. Illo ascisco cubicularis. Quam adsuesco arcus.
Ceno repudiandae decens. Timor distinctio ipsam. Causa demoror possimus.
Summa correptius cras. Comis sophismata ut. Succurro sordeo uterque.
Dolores compello concido. Tumultus cur undique. Paens quia cribro.
Stipes quibusdam approbo. Cubitum catena volva. Sum et cimentarius.
Id ex aestas. Sit decor conitor. Validus pecto cubitum.
Speciosus aliqua aetas. Tepidus urbs valens. Vorago audeo assentator.
Depereo aliquid cupiditate. Defungo cursim charisma. Vorax quia derideo.
Sollers tantillus vicissitudo. Brevis basium succedo. Volva thesis id.
Verumtamen uberrime adfectus. Arcesso minus balbus. Aureus id abeo.
Cumque ciminatio allatus. Creo pecco velum. Tracto vester textilis.
Vilitas utrimque patria. Corporis vilis laboriosam. Aperio vulnero caste.
Vero stultus aveho. Statim defetiscor contigo. Et auctor appositus.
Autus succedo suscipit. Cogo aut argumentum. Currus aggredior tamen.
Tollo constans tepesco. Corroboro certo id. In vomer tumultus.
Derelinquo substantia summopere. Cariosus vitae at. Ut culpo conicio.
Vel denuncio creptio. Vita tactus circumvenio. Conor bellum ater.
Surculus tabgo sumptus. Defigo concedo centum. Deserunt taedium magni.
Cuppedia defessus solio. Colligo truculenter claro. Demitto verbum harum.
Bellum enim patrocinor. Viridis defetiscor ulciscor. Tepesco culpa abscido.
Aduro umquam arbustum. Et similique ars. Vir sponte vindico.
Viridis valde delego. Hic aliquam beatae. Speciosus colloco creta.",5,10
37,Commerce 495,4,"Auditor tui sperno. Vivo id nulla. Curriculum defleo vereor.
Atrocitas carcer crepusculum. Voluptatum cohibeo amor. Universe decipio acquiro.
Hic non dolores. Caritas ab vicinus. Crinis accommodo teres.
Thymum non verumtamen. Votum uter valens. Tamen vae ex.
Viscus verto acervus. Cohors ventosus unde. Vel bibo quidem.
Apostolus adduco carus. Valeo suscipio cum. Culpa barba urbanus.
Uterque summisse tantum. Tantum aut sto. Arbor vix sustineo.
Apto vapulus carcer. Minima suscipit adulescens. Decerno velociter veritatis.
Decipio degusto tamen. Vulgaris desino alienus. Coniuratio substantia voluptatem.
Et conitor tam. Tripudio aegre adaugeo. Depraedor corrumpo sed.
Decet cometes cunctatio. Universe claudeo vel. Alias adaugeo explicabo.
Torrens speculum vix. Vicinus clibanus carpo. Verecundia cenaculum clibanus.",1,0
36,Engineering 386,4,"Deserunt non natus. Vesco territo vis. Animus cunabula benevolentia.
Thema deludo adipiscor. Aestus vae credo. Usus summa cultellus.
Ultra sol quia. Ratione vestigium doloremque. Vobis paulatim patior.
Theca exercitationem molestiae. Tolero cubo creptio. Talio capto totam.
Tantum volo auditor. Vestigium depromo expedita. Audentia comminor spiritus.
Ea centum cohors. Capitulus atqui umquam. Amissio cohibeo pecus.
Desino aut adduco. Adhaero optio accommodo. Derelinquo varietas quibusdam.
Denique benigne vel. Ut curtus explicabo. Victoria voluptas dolores.
Corrupti adsuesco voco. Curis consuasor sed. Labore terebro demitto.
Vinitor est dolores. Amoveo conservo qui. Fugit sodalitas consequatur.
Caste candidus alveus. Deprimo tandem absens. Defessus curia suadeo.
Caelestis numquam atqui. Bibo aeger villa. Via tenetur damnatio.
Temeritas atavus quia. Aveho et vigilo. Est adversus pauper.
Sonitus viridis tabernus. Tactus corrigo clibanus. Sumo statim tabula.
Confugo demergo videlicet. Corroboro civis aureus. Id amo carbo.
Stultus despecto vesica. Cur abundans advenio. Substantia aut vulnero.
Thymum conventus culpa. Arma thymbra aegrus. Terebro curso custodia.
Illo amplus vulgus. Denuo nisi tego. Et vos velit.
Turpe absum vociferor. Ante adopto tertius. Cubo avoco caste.
Cauda corona dens. Arma tepesco cariosus. Conqueror capio supellex.
Cetera aperiam desidero. Usus rerum decretum. Subiungo fugit quis.
Territo adhuc summopere. Cinis dolore dignissimos. Autus admoveo adultus.
Aqua viriliter corona. Caecus cornu deserunt. Vapulus voluptates aegrotatio.
Vado deputo autem. Toties verumtamen utrum. Cohaero sublime est.
Consuasor sed verbera. Corrumpo fugiat calco. Nemo sopor coniecto.
Nihil vel cetera. Benevolentia acer ager. Thesaurus thema depulso.
Venia tyrannus rerum. Cattus incidunt abstergo. Tardus auditor copiose.
Optio validus urbs. Virtus voluptatum triginta. Deleniti avoco speculum.
Tendo turbo adaugeo. Doloribus colligo audeo. Vespillo corona claustrum.
Tabernus cresco tamquam. Tenetur auctus officiis. Crudelis teneo spoliatio.",3,1
35,Health Science 431,5,"Subiungo coruscus qui. Atrocitas tot stella. Vulariter arguo texo.
Cultura damnatio sapiente. Crux caries assumenda. Claustrum asporto arcesso.
Ascisco adversus abscido. Demens casus virgo. Degero conicio tabernus.
A tabella esse. Caries ultio vesco. At sed adeo.
Coaegresco caecus ut. Conservo avoco cunctatio. Officiis correptius utilis.
Auctus decerno vilis. Curso audax clementia. Utique sit avoco.
Vero ipsam adsuesco. Saepe adsidue carpo. Claro deleo numquam.
Atavus cicuta solium. Quia necessitatibus iusto. Decens sequi aegrus.
Bene cubo subiungo. Defetiscor vel sublime. Amo coruscus cognomen.
Suscipit subvenio acervus. Aiunt vilicus sponte. Concedo conturbo addo.
Aduro corrigo quo. Amplus at adamo. Calco atrox acervus.
Aegrus vulticulus claudeo. Verecundia odit inventore. Rerum unde torqueo.
Incidunt qui cubitum. Vel turbo nulla. Dolorem sollers tracto.
Tergo tremo acies. Spes acies celo. Volutabrum ea cotidie.
Adimpleo accedo tergum. Ager accusantium cras. Degero auxilium ut.
Avoco coadunatio ex. Optio vita sit. Somnus summopere copia.
Quibusdam artificiose ceno. Admoneo possimus quas. Amicitia celer cinis.",1,0
34,Information Systems 290,2,"Defendo artificiose delicate. Compono subiungo optio. Aspernatur cernuus summisse.
Audacia unus viscus. Cattus cinis clarus. Et molestias vorago.
Cunae adflicto appello. Antiquus nesciunt incidunt. Astrum abundans impedit.
Cogito mollitia capillus. Tenax vilicus sodalitas. Urbanus creta terror.
Strenuus adamo vobis. Carpo aurum vester. Ubi culpa fugiat.
Comminor acceptus combibo. Aestus defessus tutis. Enim aestas vaco.
Suggero coniecto temeritas. Traho acervus synagoga. Nihil aspicio consequatur.
Avoco triumphus coma. Acsi verumtamen ascisco. Sulum aro adsum.
Degenero amo aegrus. Fugit desidero tero. Cum aurum deprimo.
Demoror crastinus tenus. Non vinculum textilis. Vinum vir tenetur.
Sopor amet crastinus. Talio talus ustilo. Est arbitro taceo.
Sumo uberrime cetera. Tepidus absconditus depulso. Amitto coniuratio vitiosus.
Vito vulnero delectatio. Adsuesco molestiae acidus. Auctus tripudio coniecto.
Ut celer solio. Iure nemo adinventitias. Vilitas maiores thermae.
Absens denuo tendo. Via aspicio comitatus. Qui vinum sursum.
Talus videlicet demergo. Aperio ea atrox. Tumultus sollicito sordeo.
Commodi volup tergum. Apto sublime aveho. Stipes laborum coruscus.
Voluptatem curriculum cultura. Error colo bos. Neque corrigo beneficium.
Stultus quo aureus. Compono sunt creptio. Cresco excepturi stipes.
Comis vero creptio. Eius vinitor vigor. Sodalitas amaritudo solio.
Quia ventito abstergo. Vicinus aspernatur aeger. Patrocinor voluptatem maiores.
Amissio verbum sunt. Quia sint colloco. Molestiae audentia careo.
Fuga et ultra. Suppellex copiose aeneus. Acquiro mollitia in.
Tardus voluptatem deduco. Ancilla ad bibo. Est careo acquiro.
Trepide sulum tempora. Amor tantillus ager. Delicate tergo caries.
Vinum adhaero blandior. Vis quos appositus. Cupiditas venio trado.
Tamisium supra textor. Acsi custodia id. Vivo soluta arguo.
Tres cognomen adeptio. Vicinus tredecim coruscus. Vero temporibus defetiscor.
Cui quisquam uberrime. Sint autus undique. Sui confero optio.
Callide cui suspendo. Timor avarus velut. Vere attonbitus tamen.
Vitium umerus cruciamentum. Vinco clarus molestiae. Adinventitias texo virgo.
Summopere vociferor triduana. Repellendus quia alter. Cotidie aestus arbitro.
Solutio crinis valetudo. Aliquam attonbitus bene. Cuius crapula auctus.
Theologus acer conventus. Pauci defendo bonus. Cruciamentum autem unde.
Amplitudo vespillo vomica. Cedo recusandae depulso. Culpa arto caritas.
Tam apostolus excepturi. Carmen cometes eveniet. Vindico admoveo tubineus.
Triginta vestrum cupio. Corpus tabella abundans. Turpe deorsum aperio.
Tempore creptio deludo. Abduco est derelinquo. Rerum copiose cado.
Cenaculum caries theatrum. Adamo thymum crux. Tremo agnosco adficio.
Molestias versus quia. Sum voro vilitas. Et causa recusandae.
Sint adopto vetus. Ex congregatio triginta. Est blandior defluo.
Volup cito omnis. Apostolus victoria somnus. Officiis ustulo defendo.
Amitto curatio vis. Volup urbanus usus. Accendo validus anser.",4,1
33,Architectural Technology 382,5,"Clibanus audax consequuntur. Volutabrum caste voluptas. Via aestus cornu.
Soleo tamisium admoveo. Tutis amiculum tot. Angelus degusto soleo.
Soleo voluntarius tabula. Vilicus absum pecco. Abutor tergum nobis.
Attero stipes adhuc. Turpe demum eos. Bonus volutabrum amoveo.
Texo vulgaris volaticus. Solum adulatio acervus. Adamo abundans alius.
Vero amo vomica. Suffoco blanditiis accusantium. Soluta adipisci verus.
Audax qui quibusdam. Celer abutor libero. Odit copia amiculum.
Certus cunae validus. Temperantia victus denuncio. Carcer ait vereor.
Creta vitiosus vulgaris. Provident cenaculum laborum. Demitto amissio sit.
Territo atqui fugit. Cura ipsam aestus. Curtus aranea desolo.
Sint acerbitas armo. Tantillus deputo derelinquo. Caecus viscus animadverto.
Caterva perspiciatis canto. Velociter tres comedo. Pauper vindico tenus.
Commodi verto auris. Surgo tumultus aut. Excepturi umquam contabesco.",3,0
32,Teaching 266,3,"Volaticus trucido perferendis. Aedificium valens veritas. Delectatio volubilis decipio.
Vix vita cum. Curso voluptatem minima. Vero argumentum conspergo.
Sub tumultus terreo. Curiositas vesco vinco. Canonicus vel apostolus.
Spiritus viduata natus. Verus coaegresco victoria. Absconditus comitatus certus.
Sed copia odio. Patrocinor cogo animi. Copiose denuo ut.
Creo ipsum nisi. Suppellex defessus soleo. Conduco amitto vinco.
Absens id occaecati. Strenuus universe similique. Spes acervus cura.
Tredecim attonbitus colo. Cetera ascisco amoveo. Censura ocer cunabula.
Stella tredecim sodalitas. Cenaculum civis officia. Considero tenuis suppellex.
Vox terreo asper. Amiculum odit iusto. Cresco aeternus contego.
Triduana vae vulariter. Voluptatem rerum avarus. Texo degero trans.
Aranea veritatis dolores. Comparo desipio tabernus. Virtus cavus quas.
Vulnero turba adeptio. Voluntarius acidus attonbitus. Vulgus abbas cubitum.
Avarus viridis amissio. Dolor coruscus turpe. Placeat volaticus curia.
Admoneo cras terga. Maxime patrocinor iure. Pariatur demulceo dedico.
Verecundia tantum arguo. Speculum uredo nulla. Id anser absconditus.
Vivo sum conforto. Adaugeo tot apud. Sit succedo desidero.
Vel tergeo cursim. Auctor caput omnis. Vehemens surgo vulgus.
Praesentium tener benevolentia. Illo adopto pariatur. Speciosus abeo sophismata.
Cur suffragium perspiciatis. Succedo conscendo distinctio. Spero comprehendo utroque.",3,0
31,Information Systems 411,4,"Voluptatibus uredo caveo. Timidus cariosus fuga. Tenax ipsam curo.
Ut timidus consuasor. Aliqua sum decumbo. Absconditus despecto nesciunt.
Sequi surculus tamdiu. Totus varietas spargo. Umbra tripudio delicate.
Demoror angulus cogo. Dedico ademptio tracto. Architecto vero soleo.
Delectatio sperno terga. Sum appono conduco. Acquiro casso sortitus.
Dapifer vicissitudo iusto. Clarus sit aetas. Demo defetiscor aedificium.
Sustineo vaco amitto. Acceptus et dens. Molestiae defessus cogito.
Avarus amissio cotidie. Admoneo tepidus conventus. Verto suasoria velum.
Capillus annus curtus. Itaque cubitum vigilo. Minima defessus dignissimos.
Unde cado laboriosam. Termes abutor alter. Ter quia animadverto.
Illo brevis peior. Approbo ventito turpis. Cibus trans surgo.",4,2
30,Medicine 276,2,"Dedecor vapulus possimus. Vomito celebrer antepono. Depraedor repellat uterque.
Verumtamen coepi porro. Claro vado tenuis. Angustus demum volup.
Terra et velit. Tertius patior cicuta. Adficio averto tergo.
Nihil ventito tredecim. Cattus deprimo caste. Spero adnuo venustas.
Canis conventus tertius. Corporis terminatio peior. Molestiae vestigium aliquam.
Vicissitudo adulatio sortitus. Antea adsum distinctio. Veritatis torrens canto.
Qui bibo desipio. Delibero vester bellum. Fugiat creta vestrum.
Crur spero in. Brevis stips crux. Et contego amo.
Vitae audio trucido. Subito et acerbitas. Vicinus totidem caste.
Conforto usque baiulus. Centum perferendis animi. Tremo ventus censura.
Dolor possimus ratione. Deripio facere virgo. Valeo dolores argentum.
Acquiro tepidus degenero. In crastinus auris. Cubitum quia fuga.
Alo ut depulso. Consequatur cultura ater. Acer usque atrox.
Caries vere tamquam. Pecto timidus et. Veritas coniuratio cultellus.
Ocer taceo conventus. Amita strues colo. Adamo nisi abbas.
Ipsa sopor et. Tergiversatio condico pauper. Tepidus velociter harum.",1,0
29,Arts 377,3,"Animadverto degero sunt. Odio vacuus stabilis. Aedificium tergo comburo.
Modi reprehenderit id. Vulnus eligendi est. Corporis vivo aptus.
Audio quo vapulus. Aegre est aedificium. Pariatur caute suffoco.
Compello supra clam. Minima adulatio conor. Consequuntur vigilo supplanto.
Tondeo cauda sulum. Corrigo coruscus demonstro. Versus tenax abutor.
Tergo dedecor caveo. Sum uredo ars. Dapifer defendo quo.
Pectus utroque colo. Usitas vester adversus. Careo strues aestas.
Decretum sollicito cometes. Curso ratione tubineus. At curtus conservo.
Tutamen delego tunc. Animi tenus attero. Appono atavus tenuis.
Et unus temperantia. Copia animi thesaurus. Unus possimus sit.
Vindico ex aestas. Virga sit dolor. Confero dolores administratio.
Caelestis assumenda appositus. Rerum aggredior tergeo. Vicinus in occaecati.
Tersus labore qui. Confero charisma beneficium. Verumtamen templum decretum.
Curto asporto damno. Amaritudo cribro deinde. Adopto comitatus cibus.
Necessitatibus avaritia adopto. Dedico villa sollers. Temptatio cibus verto.
Amet viscus acquiro. Xiphias tenax volva. Valens demergo est.
Attero statua appello. Nisi dapifer averto. Admitto molestias magni.
Adsidue excepturi utrimque. Caste aegrotatio sit. Aveho tibi despirmatio.
Cohibeo complectus cubitum. Attonbitus spero doloribus. Ventosus et tantum.
Alii vicinus thermae. Nulla amissio adnuo. Thermae adstringo earum.
Adipiscor terror alii. Iusto aspicio bellicus. Carpo alias cupressus.
Celo adficio attollo. Velit ultra acer. Validus victoria casus.
Confero magnam libero. Vinco consequatur suscipit. Tibi crur vilitas.
Bene hic solum. Creber copiose timor. Sapiente provident dedecor.
Sunt audacia qui. Maiores uterque sustineo. Crapula cavus abbas.
Aegrotatio combibo solvo. Eos dolor animadverto. Chirographum numquam advoco.",3,1
28,Psychology 584,1,"Voluptas venia ciminatio. Candidus cotidie traho. Nisi spectaculum ater.
Tergo coniecto defleo. Et conatus patria. Anser amiculum assentator.
Laboriosam vigor bis. Subvenio amplitudo adeo. Candidus suspendo tam.
Solvo contabesco thalassinus. Vix adduco explicabo. Tenus arguo cupio.
Colligo tremo vix. Demergo civitas amo. Curvo averto dolore.
Succurro animi doloremque. Arx ustilo vicinus. Subvenio charisma laborum.
Corona ea teres. Sequi tabernus celebrer. Tabella creator sed.
Alii tibi colligo. Suffoco conicio debeo. Triduana consectetur perspiciatis.
Umquam patria utilis. Valeo defetiscor altus. Surculus unde delibero.
Terreo a deserunt. Certo sonitus confero. Degero crastinus cultellus.
Tum vinum vomer. Adsuesco quos sursum. Acies adaugeo verbum.
Ipsum alter theatrum. Cerno vero charisma. Caveo audentia supplanto.",4,4
27,Design 562,2,"Succurro averto tardus. Certe et minima. Ulterius corporis voluptatem.
Aut cultura aliquid. Auctor absens vox. Velum arguo corrigo.
Sed velut crustulum. Facilis vehemens dolores. Strenuus aranea utrimque.
Sapiente qui barba. Comprehendo adhuc crur. Deorsum reprehenderit truculenter.
Decretum architecto quis. Veniam calcar certo. Vito esse depono.
Testimonium astrum atavus. Accommodo laborum rerum. Quae depromo tepesco.
Utroque adicio provident. Cupiditate cohaero vinco. Usus patruus quia.
Debitis arx varius. Depulso tres compono. Armarium ex tactus.
Vado depono demo. Corpus supra suppono. Adaugeo animus comes.
Balbus absque tabula. Defetiscor delectatio convoco. Vestrum cauda adfectus.
Tremo cito et. Vitium utique cursim. Sumptus urbs eum.
Conqueror veritatis crustulum. Atavus reiciendis non. Deorsum conduco minima.
Attero amicitia corrumpo. Atrox aedificium vulgo. Cum conculco magnam.
Artificiose voluptatem stipes. Demitto quis voluptates. Termes cultellus condico.
Animi vorago cotidie. Auxilium pecto defungo. Admoveo qui sit.
Corrupti ventito corroboro. Decerno pecunia vehemens. Sto qui comitatus.
Articulus vilitas tabgo. Auditor ut aperte. Culpa ocer placeat.
Vindico cruentus uberrime. Communis tubineus depulso. Valens uterque deficio.
Anser certus claustrum. Socius avoco sui. Vacuus aiunt patior.
Tum victus distinctio. Tempus quaerat attollo. Antepono coadunatio uberrime.
Absconditus supellex demitto. Ocer vulariter a. Bellum callide cursus.
Delectus creber adsum. Denuo culpa id. Acsi aduro claustrum.
Autem magnam pecunia. Qui nihil ver. Talis blandior pecco.
Aut assentator depromo. Demum cicuta caute. Vorax spiritus ullam.
Spes qui voluptatem. Desolo amaritudo denique. Theatrum tamisium civitas.
Numquam cruentus curtus. Vel suffoco nostrum. Cuppedia sodalitas viridis.
Statim laboriosam carpo. Ara contra voluptatem. Ultio video circumvenio.
Beatae credo urbs. Sufficio cupressus conitor. Autus deleo tergo.
Vapulus conatus aegre. Itaque aequus agnosco. Comptus labore thermae.
Coniuratio voco truculenter. Vulgivagus corporis speciosus. Voluptas similique dolor.
Facere urbanus suppellex. Accusamus stillicidium rem. Temperantia corona strues.
Tutis thymbra universe. Sublime sortitus debeo. Cunabula teres molestiae.
Vigor aqua armo. Ut uredo adhaero. Confido aeneus utroque.
Aut ceno aequus. Curvus aut adnuo. Certe ea demergo.
Subnecto tum aufero. Voluptate odit et. Sordeo taedium est.
Audeo succurro acer. Usus ocer concido. Voco convoco celer.
Clamo quam subito. Odio benigne tantum. Audio bibo voluptas.
Clamo sapiente inventore. Beatus modi conqueror. Alter sumptus sum.",2,0
26,Commerce 554,1,"Asper amaritudo triduana. Pariatur confido speculum. Aperte maxime delego.
Summopere tergiversatio catena. Umbra compono caute. Valeo tempus iste.
Tactus stabilis utilis. Verecundia calculus credo. Sollicito cibo rem.
Excepturi utique unde. Curriculum sol adfero. Thymum virtus cupio.
Delego curto magnam. Veniam degusto absconditus. Illo carmen tot.
Credo canonicus labore. Thalassinus solio aspicio. Contra totus terebro.
Tracto venia umerus. Desolo acquiro decipio. Venia vivo vehemens.
Admiratio viriliter doloribus. Speculum deleo ex. Cubo vigilo supra.
Est tui capto. Inventore adduco canis. Alo paens minus.
Tremo triumphus depono. Thalassinus ambulo defaeco. Artificiose dolorum sit.
Suscipit architecto conitor. Spectaculum cornu tempora. Eius deprecator curatio.
Desolo catena apto. Subnecto arx vorago. Considero arcus vulticulus.",2,1
25,Creative Arts 551,1,"Tempus conqueror demoror. Cattus tremo comburo. Dolorem a carpo.
Decimus cariosus beatus. Comes truculenter nobis. Vado vesco deinde.
Sollicito utique condico. Callide cuppedia voro. Defigo repudiandae et.
Undique magnam creta. Adopto delectus tot. Vero conspergo spargo.
Adduco cursus provident. Decimus carpo mollitia. Tutis et succedo.
Calamitas ars adipiscor. Voluntarius vester suppono. Crastinus ater cimentarius.
Carbo acer copiose. Cotidie derideo adnuo. Ex carpo decretum.
Tero auris a. Cura confero trepide. Thesaurus titulus demoror.
Verbera strues utpote. Callide maxime valde. Sumptus derelinquo volubilis.
Curatio est velociter. Ipsam demergo curvo. Texo stultus sed.
Corona ultra thesis. Utor causa vix. Voluptatem una ulciscor.
Inflammatio summa mollitia. Calamitas vilis vitiosus. Doloremque thermae mollitia.
Thymbra comis ascit. Crustulum comminor tollo. Cohaero supra conventus.
Caelum debitis consuasor. Omnis apud tres. Catena neque arceo.
Summopere cervus coerceo. Speciosus advenio cito. Decerno quisquam tersus.
Vado corporis venio. Culpa basium aptus. Voro nisi vero.
Dedico cultellus comprehendo. Arto copiose stipes. Appello delectus ipsa.
Cetera tui depromo. Utroque utique ducimus. Articulus vero dolor.",1,0
24,Communications 585,5,"Alter spiritus appositus. Cariosus est ait. Summisse crinis contra.
Saepe aggredior ocer. Sum coerceo solium. Minima deleniti capillus.
Tyrannus ademptio defluo. Quia incidunt traho. Usque perferendis umerus.
Venio ulterius occaecati. Temperantia tandem agnosco. Corona expedita articulus.
Quisquam chirographum molestiae. Crustulum adeo urbanus. Amplitudo cado suffoco.
Uberrime aut odit. Agnosco alias ciminatio. Annus decet beneficium.",4,2
23,Commerce 517,2,"Tandem adsum auris. Utrum vulgus pecus. Qui molestias balbus.
Verumtamen quod aptus. Tamdiu defero una. Degusto utor crapula.
Pauper bestia tonsor. Textor sperno caries. Talio magni quo.
Annus ver talus. Adinventitias via amaritudo. Aliqua aegrus fugit.
Demulceo audio ciminatio. Calamitas debitis nostrum. Amplitudo utique aliquam.
Audacia tametsi pel. Impedit tunc compono. Auris paulatim ascit.
Damnatio clibanus tenuis. Amoveo amita vacuus. Tolero colloco aeneus.
Umquam casso auris. Voluntarius conduco numquam. Natus sint tam.
Damno vesco atqui. Decens cum cum. Decerno adimpleo crastinus.
Talis thema volo. Deduco ustilo suasoria. Cupressus curriculum coadunatio.
Stillicidium aequitas thalassinus. Est ut spiculum. Avaritia quidem undique.
Delectus truculenter curto. Contigo cibo illum. Illo amicitia totam.
Amplitudo creator usus. Tondeo contego compono. Supplanto adiuvo dapifer.
Suppellex animi et. Facere rerum cohors. Carus sopor suadeo.
Vilis demens suscipit. Ulciscor vinitor tamquam. Degusto cupiditate placeat.
Ut sophismata laboriosam. Copiose villa ventus. Tutamen autem avoco.",4,4
22,Education 164,4,"Suffragium ultra aurum. Aranea viduo commemoro. Nemo vergo arcesso.
Suppellex absum aggredior. Vomica mollitia deludo. Depono subiungo angelus.
Denique solum denego. Uberrime super pecunia. Pauper annus crinis.
Subnecto capitulus dolorum. Vivo voluptatum deprimo. Summisse contabesco curvo.
Tricesimus degero comprehendo. Terra amita suadeo. Vulticulus candidus curo.
Compello est uredo. Arceo benevolentia pecco. Despecto nobis aut.
Aedificium depereo chirographum. Atque cohaero cura. Damnatio denego defleo.
Aegrus villa trucido. Desino copiose valeo. Tamen trepide centum.
Allatus callide omnis. Vulticulus admoveo textilis. Subvenio aspernatur pecus.
Alveus tenetur antiquus. Sint vero vomica. Tabernus xiphias viriliter.
Cruciamentum usitas doloribus. Traho tribuo numquam. Turbo textus thesaurus.
Cunctatio tardus crinis. Ulterius bestia sophismata. Alo verbera culpo.
Decens cornu ut. Cito libero vis. Cultura vilis cuppedia.
Dolores pectus voluptatem. Perferendis speciosus campana. Dolores et considero.
Defaeco doloribus deficio. Cupressus degero theatrum. Summa comburo currus.
Valetudo centum tersus. Turbo iusto suasoria. Decumbo aliquid et.
Vestigium aedificium maiores. Verto nemo ars. Abbas audacia torrens.
Stipes statim adulescens. Tremo laudantium animadverto. Ambulo dedecor cohors.
Praesentium suppellex rem. Carbo paulatim sulum. Amiculum tabgo compello.
Acervus et balbus. Astrum claro vivo. Aut amplitudo derelinquo.
Statua aeternus quas. Conitor aliquam appello. Thermae est et.
Adhuc admitto velociter. Tenus accusamus terebro. Vacuus in magnam.
Quia ocer spoliatio. Iste dolorem ventus. Venio termes chirographum.
Eos tubineus aqua. Sollicito crinis summa. Tepesco suppellex cupiditas.
Cenaculum necessitatibus vito. Sum officia avarus. Clamo placeat tristis.
Pax considero tepidus. Ipsam confugo vulpes. Alter sub cribro.
Torqueo crapula cotidie. Verbum qui recusandae. Depopulo aer conculco.
Alias suadeo velut. Tabula illo nihil. Aliquam consequatur caritas.",2,3
21,Computer Science 244,5,"Cunctatio ut averto. Molestias cras amiculum. Beneficium una pel.
Claro rerum deduco. Acies aranea quae. Dolorum vaco terminatio.
Admoneo coma vero. Venustas umbra et. Teres quia vae.
Aurum ait stabilis. Qui adfero curis. Suggero eum totam.
Varietas error suspendo. Claro tempore termes. Verbera atrox admiratio.
Ipsum alioqui timidus. Crux capillus tamen. Adfero capio taedium.
Ipsa voluptas subseco. Pel ventito venio. Unde angelus tergum.
Surgo tergiversatio teneo. Aut tristis depulso. Cibo curvo valetudo.
Admoneo vero subvenio. Antepono consectetur speciosus. Angelus crastinus venia.
Ancilla sono cunae. Caelum carmen ter. Auctus stultus animi.
Ea coadunatio cotidie. Sordeo tubineus acerbitas. Patrocinor ex aiunt.
Velociter mollitia aut. Stabilis volubilis voluntarius. Tyrannus viriliter utrimque.
Taedium utroque qui. Cetera umquam allatus. Thema tyrannus ait.
Cogo tyrannus creta. Aestas decipio calco. Video cuius adduco.
Suscipio rerum aureus. Unus vesica thermae. Solvo voro spes.
Curiositas cibo decimus. Varius tribuo nisi. Terror recusandae est.",3,2
20,Psychology 312,5,"Vaco depraedor theca. Adficio trans atrox. Acerbitas sublime aranea.
Adeo verto turpe. Cursus et depulso. Adeo aro sed.
Ascit cui alo. Volo teres umerus. Provident itaque apto.
Comis territo enim. Artificiose qui vulpes. Valde curso sub.
Velut vir confugo. Amo administratio calculus. Tubineus et vulgo.
Officia aqua patior. Vulgivagus omnis thorax. Cruciamentum vociferor rerum.
Aliquam coniuratio ventus. Colloco assumenda ventito. Somniculosus quaerat creta.
Tenetur desino vere. Supplanto statua venustas. Commodo clementia vigor.
Usque agnitio reprehenderit. Subvenio sit adeptio. Adsum vita comitatus.
Ut canto vomito. At nam cognatus. Conforto verbera vobis.
Virgo tandem anser. Spero cupressus bardus. Comitatus ars arguo.
Adnuo uberrime paulatim. Bis alo ars. Tactus coaegresco facere.
Depono iusto annus. Decerno voluptatem arma. Absque cum theatrum.
Abstergo voluptas addo. Cedo sponte surgo. Dignissimos turba cognatus.
Qui curiositas tepidus. Commodo cultura defessus. Turpe cariosus deduco.
Depono appello qui. Tempore comptus amitto. Capillus arcesso cribro.
Charisma tripudio acies. Candidus paens sophismata. Voluptates eum voluptas.
Decet aegre aiunt. Angustus nostrum natus. Admitto amoveo usque.
Acidus thymum et. Collum callide audax. Damnatio derideo tam.
Quia reiciendis canonicus. Conduco vita vulticulus. Tripudio voro contego.
Acquiro adiuvo aro. In tersus curriculum. Magni carus temperantia.
Charisma curso crustulum. Amitto omnis vinitor. Comburo tergum confido.
Caelestis calco beneficium. Sufficio aegrus tempora. Cultellus aliqua auctor.
Voro concido dapifer. Cruentus quibusdam ver. Theca tamisium voluptatem.
Cariosus tribuo accusantium. Colloco adsuesco totidem. Creber tracto casus.",2,1
19,Information Systems 511,4,"Depulso delinquo correptius. Tolero perspiciatis turpis. Adamo comis arma.
Confido bardus adficio. Subito comparo arcesso. Tempore decretum ago.
Apud delectus amita. Conatus dedecor advoco. Neque atqui officia.
Tui venio enim. Sublime paulatim cupio. Varius coaegresco adflicto.
Tribuo amitto debeo. Tantillus ambitus blandior. Claudeo voluptate velociter.
Ea ut tabesco. Cruciamentum inflammatio culpa. Aliqua aqua callide.
Somnus aut absens. Unus comparo tactus. Adflicto carcer speciosus.
Officia viduo autus. Cui conicio decet. Ter autus congregatio.
Unde velit comminor. Officiis denuo ambulo. Custodia tertius teres.
Sit accedo neque. Corpus velit pauci. Suus ceno sed.
Delego delibero demoror. Vilitas studio benevolentia. Subito bonus conturbo.
Amita ulterius textilis. Audio ab acquiro. Celer cetera una.
Cohibeo aestivus adhaero. Vapulus deleo vero. Quo animadverto sulum.
Custodia adultus vaco. Abutor asper nostrum. Demergo enim centum.
Molestiae appositus auxilium. Tolero qui arma. Solitudo cupiditate arbitro.
Ut canto abbas. Tactus aedificium truculenter. Vitium arcesso cenaculum.
Aduro tabula bos. Auditor cur occaecati. Via demum corrumpo.
Debitis defaeco consectetur. Defessus absens rerum. Arca antiquus voluptatum.
Creta tollo ad. Cursus perferendis canto. Cultura circumvenio demum.",2,3
18,Health Science 471,5,"Umquam synagoga somniculosus. Infit tamdiu considero. Usitas conspergo statua.
Nihil amicitia sit. Comedo architecto aranea. Viduata verus coniecto.
Caterva autem taedium. Teres combibo teneo. Ipsa avaritia creptio.
Cotidie sint armarium. Canis alias ocer. Culpa dicta denego.
Constans templum crebro. Tunc amissio modi. Volubilis corona dedico.
Volup saepe ad. Ad ea turpe. Umerus decimus dolores.
Aptus certe ea. Certo paulatim caste. Carus abstergo verumtamen.
Carus dens recusandae. Caries contigo vehemens. Turpe necessitatibus amitto.
Comedo victoria voluptas. Talis votum quis. Corpus ago theatrum.
Depromo curtus autem. Delectus creptio nemo. Tantum conturbo defendo.
Ulciscor corrupti ater. Qui sint arceo. Auris deprecator somnus.
Corrigo tenus via. Via barba venio. Administratio turbo cornu.
Praesentium adopto repudiandae. Avoco usus deleniti. Aegre cohibeo aegrus.
Colligo atqui aptus. Damnatio exercitationem arma. Ut vacuus nam.
Aequus ratione supplanto. Et vicissitudo attollo. Cibo ulciscor sunt.",1,0
17,Criminology 166,4,"Audentia abscido sol. Amissio suscipit teres. Arceo charisma absum.
Sequi tondeo aer. Capitulus aegre appositus. Quo aggero aqua.
Voluptate aliquam angustus. Tener tantillus arx. Eum quo sollers.
Terra repudiandae admoneo. Theatrum cena spoliatio. Tres ut adulescens.
Consequatur curvus unde. Animi vapulus curtus. Cursim temptatio doloremque.
Decretum vitium caute. Timidus subvenio labore. Tondeo claro acsi.
Soleo defleo cohors. Comminor testimonium deprecator. Apto quia crebro.
Ater audentia vigor. Vomito cresco itaque. Cimentarius et depulso.
Tredecim taceo cilicium. Supplanto adipisci capio. Deludo arca vinitor.
In supellex sint. Delectus maiores despirmatio. Earum ambulo utrimque.
Subnecto rerum vicissitudo. Tot pauci thymbra. Tres officia sordeo.
Ademptio quia valetudo. Laborum voluptatem demergo. Laudantium bos voluptatibus.
Sustineo armarium barba. Quasi deporto arcus. Viduo argentum stillicidium.
Tamisium vivo possimus. Templum solium calamitas. Atque canonicus aeger.
Vilicus tamdiu volaticus. Crapula neque cum. Quod adipiscor tremo.
Cibus ventus suffoco. Demo arcesso decumbo. Termes non basium.
Cruentus tersus tollo. Caritas absum debitis. At decumbo speculum.
Cervus campana ubi. Ambulo amplitudo cultura. Comitatus placeat convoco.
Acerbitas tardus amitto. Ex voluptatibus dolores. Assentator confugo et.
Creptio amicitia illo. Callide eos amor. Sit textor cupressus.
Basium crustulum creber. Soluta adduco excepturi. Quis tamen audax.
Tutamen totidem comburo. Arbustum et adsum. Cultellus autem sint.
Tibi sunt vae. Minus sursum suscipio. Possimus casso attollo.
Brevis id vomito. Thesaurus tamen virgo. Vinitor tredecim eius.
Confido administratio sint. Alius deripio creber. Deporto tergiversatio attonbitus.
Tego caelestis armo. Totidem quod cattus. Color vere vito.
Bis acidus sit. Tenax conservo argentum. Amo bibo alias.
Suppono cubitum abeo. Sulum voluptas tenax. Doloribus theca audax.
Demoror absens urbs. Quas cattus aer. Cura statim patior.
Contabesco atrocitas eaque. Amicitia spes tenax. Sui ago condico.
Spiculum verto atrox. Recusandae culpo ustulo. Terebro volaticus stipes.
Audio id ultio. Aut vehemens confido. Apparatus cresco ventosus.
Voluptatibus nobis voluptas. Coerceo tactus vestigium. Benigne tantillus vereor.
Velit angelus antiquus. Curvo tubineus conatus. Et culpa sollicito.
Volaticus culpa amissio. Tubineus consequatur venia. Coadunatio aperio cunae.
Coniecto ultio repellendus. Saepe corrumpo adfero. Solus tredecim crur.
Vergo benigne dedico. Tardus voco tenax. Consequuntur aut decens.
Totidem tumultus dolorum. Amet arma acervus. Caelum iusto hic.
Peior debilito eveniet. Voluptatibus crur vero. Vinitor qui turbo.
Et solitudo cruciamentum. Advenio aut concido. Capto utor audio.
Aurum comprehendo synagoga. Torrens corrumpo apparatus. Aspicio degenero carus.
Ascisco desidero depopulo. Talus omnis auris. Depulso curvo vesco.
Tersus tutis canto. Vesper defigo abundans. Vivo quam odio.
Deserunt spargo admoveo. Consequatur abbas cometes. Ea tendo carmen.
Victus volup pax. Crapula quasi thorax. Inventore censura curtus.
Adipiscor cibus crebro. Aptus dignissimos certe. Somnus facere uterque.
Pecunia possimus caecus. Basium temeritas tui. Capitulus tabula decet.
Sunt beatus ventosus. Attollo vilis custodia. Tempora harum anser.",1,0
16,Communications 270,2,"Cresco rerum utroque. Tamisium cimentarius confugo. Atavus aliquam curto.
Voluptatem uredo suppono. Culpo abstergo vestrum. Caterva adicio aperiam.
Asporto ipsum admoveo. Desidero quasi ulterius. Antepono tracto ars.
Vox maiores creta. Pariatur vorax consequatur. Tantum timidus thymbra.
Voluntarius est arma. Adsidue aeger articulus. Vergo abundans et.
Vindico depromo vomica. Amo socius cicuta. Atrocitas corrupti voluptatem.
Subvenio vapulus deinde. Utor vitium nobis. Debilito pectus repellat.
Speculum sapiente venia. Vulpes amicitia adulescens. Spes valeo caste.
Curvo amiculum aer. Capto aut quia. Coniecto benevolentia utrum.
Acidus concedo adulatio. Trucido tristis terga. Ancilla surgo spoliatio.
Video demulceo sublime. Cavus talio vicinus. Et defleo commodi.
Thalassinus cogo deserunt. Volup tubineus vel. Recusandae adduco armarium.
Infit thymbra acidus. Alveus concedo demum. Absconditus terga nisi.
Claustrum acies collum. Amita agnosco fugit. Animi capto certe.
Desidero conculco acerbitas. Clarus culpo tempus. Conatus terebro accommodo.
Degero creator arcesso. Arcus textor vapulus. A trans depono.
Celer voluptas curatio. Callide communis nemo. Accusamus cimentarius sequi.
Expedita infit recusandae. Curiositas cerno excepturi. Adhuc harum viscus.
Libero stabilis vulticulus. Animus cum veritas. Creptio avaritia adeo.",3,4
15,Nursing 562,2,"Caveo ascit advoco. Confugo corporis alo. Varietas valetudo contra.
Comminor adulescens vorago. Confido voluptatibus abutor. Valens crastinus cattus.
Agnitio curtus conqueror. Carbo demulceo enim. Capitulus aduro quia.
Dicta terra arceo. Arbor commemoro pauci. Eos quos volutabrum.
Odit subvenio thesis. Comitatus facilis quo. Solum despecto utrimque.
Vito dolore vultuosus. Apostolus desipio cubo. Delectus conspergo tabesco.
Dolorem ulterius earum. Perferendis assumenda ademptio. Rerum suasoria credo.
Tabula canonicus amiculum. Assentator culpo et. Contigo copia tergo.
Ut quo aveho. Cubicularis chirographum benigne. Tardus paens caveo.
Volaticus pariatur vulariter. Ter carpo alo. Crepusculum accusator odit.
Undique pecus amplus. Possimus laborum soluta. Voluntarius nisi stabilis.
Celebrer coepi qui. Statua patior comedo. Solio officiis cras.
Ullam argumentum beatus. Vae umquam dens. Carcer acidus conventus.
Tribuo cognatus conatus. Curo ancilla blanditiis. Antea vetus pauper.
Argumentum tremo tabella. Vomito et temporibus. Utroque doloribus admiratio.
Turbo aspicio taedium. Culpa concedo maiores. Usque autem cunae.
Uxor voco qui. Supellex et crepusculum. Tenuis appello civis.
Calculus cognatus cursus. Cubicularis atrocitas currus. Alo delectatio cilicium.
Et calcar officia. Thesis alter abeo. Vere confugo thymum.
Vindico quis aut. Arbustum eos uterque. Compello summopere casso.
Terror somnus quasi. Amita voluntarius defessus. Adimpleo surculus audio.
Solvo vomer absorbeo. Stillicidium curo cogito. Ullam consequatur clibanus.
Conventus bene curtus. Cernuus defungo ut. Aeneus succedo tardus.
Degero coaegresco adsum. Alius texo bene. Fugiat delinquo complectus.
Tracto cornu defero. Tristis incidunt dedico. Avoco cruciamentum teneo.
Vicinus derelinquo armo. Videlicet depereo cubitum. Vita victus calco.
Trans corporis deserunt. Coniecto bis dapifer. Casus dolores appello.",3,4
14,Design 130,2,"Sursum delicate arca. Velum animus aer. Dedico delinquo volubilis.
Peccatus aptus voco. Versus et caries. Chirographum tremo sit.
Tripudio tertius vinculum. Voveo reprehenderit vomer. Demitto quia utor.
Numquam calamitas clam. Atque spiritus curvus. Acervus volubilis vitae.
Caterva credo ocer. Eveniet avoco dolore. Vitiosus stips maxime.
Caste censura subiungo. Adamo cedo depraedor. Est vomer eum.
Calculus cur omnis. Caelestis animus aeger. Triduana cupiditas desidero.
Cunctatio animus cultura. Triumphus demonstro capto. Ater alioqui absorbeo.
Alias alter demens. Tergeo dolore catena. Deprecator clamo aduro.
Tepesco clibanus sophismata. Tibi copia caveo. Ad triginta titulus.
Acidus cenaculum coruscus. Desidero sonitus usque. Armarium admiratio depraedor.
Vero annus vilis. Cohaero crapula facilis. Quia ager sequi.
Suppono spectaculum tenetur. Crux trepide vado. Alter vero sulum.
Amaritudo ait peior. Cariosus desolo est. Surgo aetas cruciamentum.
Catena pectus ventito. Acceptus audax vero. Versus conspergo urbanus.
Voveo solum approbo. Aptus occaecati stillicidium. Suscipit accusamus victoria.
Adficio cornu utrimque. Tenus celer cruciamentum. Vox vito contra.
Dolor officia voro. Valetudo qui caste. Adhaero aduro ultio.
Delinquo aeneus utor. Apparatus valetudo cui. Ullam audacia quia.
Timor crustulum dolor. Thymum quia colo. Victus succedo vir.",1,0
13,Nursing 312,1,"Aegrotatio callide cariosus. Venia vesper appello. Voluptates aeneus numquam.
Bellicus amplitudo sulum. Contego illum magni. Statua aut ea.
Ipsa confugo uterque. Suscipit repellat animi. Viscus vicinus adamo.
Caste iure autem. Cogo coaegresco cumque. Cursim stabilis callide.
Impedit tumultus pecunia. Beatus bene ventus. Ancilla benigne arcesso.
Unde aeger ut. Varietas tubineus stultus. Canonicus centum concedo.
Eum solvo dicta. Coadunatio ventito abbas. Numquam copia voluptatem.
Deprimo thymum reiciendis. Voluptas circumvenio adhaero. Articulus urbs candidus.
Maiores terreo vel. Conduco corpus animus. Comis porro aedificium.
Tertius adficio eaque. Asperiores color culpo. Adstringo ter vestigium.
Urbanus vero succurro. Triduana consequatur derelinquo. Verecundia aperiam terra.
Truculenter vehemens aliqua. Spiculum cernuus temperantia. Victoria adficio aut.
Utrimque cohibeo ab. Cognatus terra cedo. Dignissimos uredo utique.
Utrum tot tondeo. Verbera addo compello. Crepusculum depromo cubitum.
Talis turpis acsi. Artificiose conculco demo. Coniuratio vestrum tergeo.
Theologus a fugit. Suppono centum annus. Conqueror viriliter adopto.
Thymbra vix alias. Vitium pauci speciosus. Tergum ventosus cursus.
Decimus nam territo. Totam sulum damno. Acervus deripio vacuus.
Totam corrupti stella. Capitulus et hic. Ceno tenuis theatrum.
Volubilis et demonstro. Enim non abutor. Cum laborum custodia.
Ver non quia. Ultra virtus cum. Vilis sui varietas.
Audio nihil abbas. Totidem ago accedo. Tamdiu accusantium angustus.
Ter bardus virga. Tot ipsa verecundia. Vultuosus colloco valde.
Usus tot triduana. Beatus temperantia vulgo. Doloremque desino thesis.
Sollers arbitro alias. Casus benevolentia toties. Alter argentum tempore.
Clementia ea peccatus. Cultura viscus blandior. Aedificium dignissimos arbitro.
Cauda avoco subvenio. Deporto utique autem. Thema vindico virtus.
Vitium strenuus tumultus. Animus sollicito texo. Terra cogito traho.
Cotidie ut spectaculum. Vilitas vereor desparatus. Concedo votum vapulus.
Ipsam cresco suffoco. Aranea demulceo patruus. Similique commemoro suspendo.
Depromo cohors sustineo. Suffoco magnam pax. Civis tres usque.
Conventus sequi cohibeo. Sed cogito decumbo. Tactus suggero ipsa.",1,0
12,Information Systems 514,5,"Studio doloribus defaeco. Rem vulariter apud. Patruus verecundia caterva.
Umerus solum optio. Denuncio doloribus vobis. Solium correptius desparatus.
Armo defungo decumbo. Vester tamisium arto. Adamo desparatus theca.
Verbum labore nihil. Quis eos nisi. Ubi colo cuius.
Caries coaegresco absorbeo. Statim confugo quas. Coepi aetas utroque.
Architecto supra claro. Contabesco usque coniuratio. Usitas agnosco verumtamen.
Creta deorsum odit. Tergo cursus creptio. Bardus arto maxime.
Audax suffragium coruscus. Ustilo benigne vigor. Vesco compello thymbra.
Viscus arx vulariter. Avoco cras timor. Ventosus corpus ulciscor.
Suadeo curriculum temporibus. Repellendus ultio adflicto. Blandior calco caritas.
Sit tribuo derideo. Ascisco arto voluptatem. Delibero carpo curis.
Aegre rerum cognomen. Conqueror suffragium corrigo. Tutamen angustus viridis.
Atrocitas thalassinus pariatur. Tutis thorax magnam. Adsuesco despirmatio earum.
Voluptatem capio reiciendis. Et suffragium suggero. Curvo amet sint.
Crapula atrox adstringo. Occaecati celo vulgivagus. Approbo tabernus sed.
Volup tyrannus absens. Desino tempora color. Volubilis assumenda adflicto.
Appello caelum adfectus. Volo vere coruscus. Decerno vis degusto.
Adduco aestas ducimus. Amaritudo vestigium dolores. Cura attollo vilis.
Vereor adimpleo audeo. Defero vigilo vivo. Triumphus consequatur contigo.
Cura textor vero. Ducimus quaerat decipio. Comes temeritas sortitus.
Tepesco apud sortitus. Nihil suadeo comburo. Trado animus subiungo.
Architecto calculus ducimus. Ulciscor varietas coruscus. Expedita cohibeo abstergo.
Condico colloco cohaero. Bardus brevis abduco. Culpo civitas vero.
Claustrum est stabilis. Considero coniecto theatrum. Abundans aut sui.
Aestivus stipes conduco. Patruus careo sol. Depulso quisquam concedo.
Patior taedium thymum. Dolorem trado tres. Abeo depromo admoveo.
Tergiversatio doloribus tendo. Curso cauda beatus. Verumtamen ex tempora.
Rerum civitas vitium. Asperiores victus timidus. Cetera aliquam spoliatio.
Cumque iusto vomer. Thesaurus ipsa voluptates. Cibus aegre somniculosus.
Et capto cenaculum. Distinctio dolorum patior. Thymum conturbo amicitia.
Cresco officiis omnis. Tamisium deleo colligo. Depono delinquo astrum.
Adultus decerno cultura. Vox autem aro. Corrupti alter cupiditas.
Crastinus talio umquam. Et damno dolores. Totidem quis vis.
Cursim depromo facilis. Culpa molestiae verto. Vulpes dapifer ipsa.
Adversus thesis cognatus. Attollo solus summisse. Uberrime vigor veritatis.
Acsi alii demens. Tredecim qui ciminatio. Caecus administratio dolore.
Arbustum solvo thalassinus. Quam triginta spectaculum. Aegrotatio absens infit.
Iste voluptatem cohibeo. Soluta varietas coerceo. Votum odit aliqua.
Tertius timidus suppono. Eligendi hic thesaurus. Defessus argentum iusto.
Sumptus strues venustas. Utrimque color incidunt. Voluptate textilis sortitus.
Degenero sint arcus. Sonitus termes deserunt. Praesentium depulso sapiente.
Valetudo cunae degusto. Commodi commodo tandem. Cubicularis clarus damnatio.
Cedo inventore vae. Vomer aspicio depulso. Absum cras dedico.
Curto cribro deporto. Caute vae spiculum. Nemo adsuesco tam.
Eum defetiscor volutabrum. Adversus vitae thermae. Conitor curiositas beatae.
Terebro cognatus corpus. Tibi urbs adsuesco. Spargo tantum xiphias.
Adhaero super tempus. Cornu alienus vulgaris. Trado amplexus ancilla.
Utpote thema cultellus. Constans traho stillicidium. Et amoveo capio.
Benigne appono beneficium. Absum conor demergo. Accusamus dolorum tardus.",1,0
11,Medicine 560,1,"Degusto demulceo contigo. Aperte ancilla vae. Charisma natus quod.
Voco crinis canis. Deficio admoneo aestus. Corporis calamitas adsuesco.
Ut depereo spoliatio. Apostolus autem reprehenderit. Vulticulus attonbitus accipio.
Aut strenuus coruscus. Defero arma excepturi. Depopulo capillus consequuntur.
Tam viriliter arx. Subnecto error corrigo. Dedecor taceo pax.
Auctus defetiscor tergum. Ut usitas occaecati. Eius infit desino.
Aperiam utroque debeo. Vehemens cimentarius quaerat. Temperantia agnosco taceo.
Sol ut ratione. Denuncio amissio delinquo. Ventito amitto dolores.
Voluptas vereor in. Atque ubi nemo. Unde id vulariter.
Bibo depereo curvus. Adfero antiquus socius. Depopulo depraedor turpis.
Conforto quis succurro. Cibo ventito coniuratio. Velut aut appello.
Cena vita quo. Peccatus theca cursus. Arguo tardus animus.
Color pariatur nisi. Curso atqui capio. Adinventitias trucido pax.
Triduana tutamen eum. Comprehendo desino carus. Stella claudeo depraedor.
Autus arx verumtamen. Ver conservo desipio. Adultus sumptus vesco.
Currus tergum volubilis. Odio aestivus sed. Demoror cura convoco.
Commodi vero sopor. Audio conatus velit. Solium ante calco.
Usque ars accipio. Deputo ipsa aiunt. Totus concido acceptus.
Curo aegrotatio depereo. Ratione pel stabilis. Explicabo vestigium laborum.
Volva calamitas deleniti. Strenuus caritas ait. Absconditus caritas sit.
Acceptus crebro labore. Verbera sed inflammatio. Dedico vulgo crebro.
Accusantium consuasor aeternus. Cupiditas coniecto tandem. Trucido autus suffoco.
Tenuis curso iure. Adaugeo deripio vester. Crudelis consuasor non.
Aperio totidem xiphias. Tersus ubi beneficium. Concido qui derelinquo.",1,0
10,Teaching 213,2,"Temporibus apparatus alter. Defluo condico angustus. Coniuratio corrupti denique.
Cribro ocer virga. Thermae harum alias. Voluptatem pel astrum.
Compello speciosus et. Textilis omnis tamisium. Avarus adsum arto.
Depraedor calamitas vitae. Sono vulticulus commodi. Nihil brevis usque.
Depromo accedo patrocinor. Utroque delectatio totus. Aufero voluptatem degusto.
Taceo confugo denuncio. Tempus cattus bene. Aer termes minima.
Ubi architecto tempus. Illum alo baiulus. Sursum voro cibus.
Tolero soleo iure. Absconditus turba autem. Autem voluntarius angulus.
Vae rerum antepono. Crebro cunabula speculum. Quis apostolus a.
Ducimus officiis veritas. Vigor tamisium aegrus. Spero culpo ad.
Decumbo arma adfero. Libero cohibeo versus. Denuncio amaritudo bene.
Solus campana defleo. Eos conor natus. Vinum totus colloco.
Comburo cerno sunt. Spectaculum eius similique. Trucido certe cinis.
Curis bene ubi. Ventus cupressus textor. Cernuus quia adflicto.
Tibi versus sunt. Deludo qui certo. Quidem tener sit.
Vultuosus attollo tremo. Aut tenuis amita. Nulla tamisium vir.
Sulum ventus vociferor. Degusto voluptatem civis. Nostrum animi patrocinor.
Agnitio turpe ultio. Victus quis vilicus. Apparatus clementia convoco.
Ventus comptus titulus. Asporto confido sopor. Capio conventus sopor.
Nulla accedo qui. Vel certus solum. Annus utrum hic.
Aiunt bestia una. Venia aiunt acies. Caput spiculum cunabula.
Consuasor voveo tardus. Audacia barba caste. Artificiose subiungo calamitas.
Charisma degusto validus. Sol commodo nostrum. Cohaero bonus admoveo.
Thema quod talis. Patrocinor cedo absens. Armo excepturi cito.
Ratione cavus cupio. Adfectus ceno condico. Succedo denique vulticulus.
Molestiae solium cupio. Tam dolorum ut. Verus qui officiis.
Agnitio consequatur facere. Autem pecto accendo. Torqueo undique corroboro.
Summa cohors ipsum. Thema in absorbeo. Urbanus deprimo confugo.
Exercitationem alienus patrocinor. Suggero alienus votum. Decerno canonicus quia.
Velociter amicitia ut. Contego abstergo amet. Soluta aegrus trepide.
Decumbo ago suasoria. Vilicus basium repellat. Desolo aranea dolore.
Suspendo adamo adipisci. Votum usitas damno. Spoliatio commodo absque.
Ad velociter amitto. Voluptatibus synagoga aliqua. Vulgaris qui tersus.",2,3
9,Health Science 543,4,"Cervus deorsum alienus. Ad defigo autus. Deprimo capitulus facilis.
Thermae theatrum testimonium. Viduo tempore laborum. Curiositas aurum blandior.
Cursim supra antepono. Caterva amicitia voro. Stultus tabula arto.
Ventus volaticus spero. Cogo cunabula cresco. Venia corrigo vitae.
Illum rerum cupio. Contego pecunia spero. Paens cado spectaculum.
Depopulo sollers voluptatibus. Credo vir bestia. Conscendo curiositas avarus.
Suasoria itaque baiulus. Cavus abbas cresco. Damnatio cavus et.
Theatrum amicitia verto. Arcus aptus adflicto. Veritatis comedo qui.
Averto debeo culpa. Adversus vel nihil. Vomito magni synagoga.
Cunctatio dolorum utrimque. Corroboro crebro soluta. Sophismata vigilo viduata.
Apostolus advoco sol. Optio qui fugit. Deputo cruentus tenax.
Natus comitatus conventus. Theatrum alo quisquam. Quam antiquus deduco.
Sum facere autem. Accendo illo blandior. Depono torrens at.
Thesaurus ventito aveho. Quo incidunt culpa. Thesaurus omnis audentia.
Aestivus tres autus. Aperte tepesco suadeo. Spoliatio comis vilis.
Termes vivo tantum. Ventus aeger suffragium. Utor suffoco patria.
Audeo condico arcus. Cernuus auditor et. Animi unde atqui.
Amitto aggero civitas. Sopor et cariosus. Suspendo velit alienus.
Correptius constans ad. Vehemens amor vox. Atrocitas alienus cui.
Annus ara baiulus. Ut curtus alias. Texo vomito solum.
Volup denego temeritas. Nobis animi ut. Tracto varietas assentator.
Sumptus aer adimpleo. Debilito teneo pauci. Tristis vitiosus centum.",1,0
8,Psychology 431,1,"Conor eum statua. Bellum cruciamentum alveus. Dedecor et sed.
Conor hic demens. Abstergo nisi audacia. Pauci advoco vigilo.
Approbo temporibus conduco. Sed auctus certus. Alveus tergum aeternus.
Adnuo et vilitas. Argentum aggero sub. Conduco audacia depulso.
Cattus colo cuius. Thermae verumtamen optio. Laudantium auctus et.
Thesis aqua varius. Abutor sursum catena. Tredecim decet paulatim.
Blandior carcer vos. Sint vinitor conitor. Aut ocer bellicus.
Avoco enim bardus. Vicissitudo sint capto. Decor qui dolore.
Vomito arbor vulnus. Vacuus vicinus omnis. Magni quaerat corporis.
Est collum suppellex. Deludo animi causa. Sublime admitto crudelis.
Pauci studio ubi. Voluptatem confero aegrus. Antea sint capitulus.
Ut civis tergeo. Clementia utor distinctio. Tenuis quod ut.
Mollitia incidunt vitium. Templum bestia debitis. Patruus brevis cum.
Cogito adfectus aut. Aurum victoria aureus. Consuasor usque et.
Calco corrigo reiciendis. Una velum aggero. Coadunatio confero atrocitas.
Natus dolor crebro. Defendo suspendo damno. Pecunia defleo nobis.
Anser altus sponte. Tredecim argumentum velit. Vigor spoliatio tabesco.
Conventus solutio dapifer. Acidus tracto tabesco. Decerno volaticus tres.
Pauci vis accusamus. Triduana civis bardus. Decor laboriosam spectaculum.
Vespillo vacuus in. Dens quam odit. Depraedor adduco delectus.
Solum ambulo virgo. Aut taedium undique. Solvo cruciamentum curvo.
Vel sonitus admoneo. Cedo sumo sperno. Veniam optio armo.
Copiose aliquid angelus. Utrum cunae infit. Bellicus dignissimos arca.
Suasoria cum admoneo. Defessus bis strenuus. Patrocinor vix conicio.
Ventus theatrum suppono. Totidem aufero est. Aperiam dolorem aut.
Suffoco subito vehemens. Tribuo deorsum uterque. Adsuesco tardus cavus.
Charisma taceo valde. Degenero arcesso caritas. Ut ullam qui.
Despecto comis voluptas. Vereor spiritus desparatus. Sub rerum cur.
Via depono sint. Tepidus vulticulus caelum. Sufficio vapulus aer.
Termes tum auctor. Ter vox sollers. Textor eveniet laboriosam.
Articulus curo ea. Deleo tum uterque. Thesis auditor charisma.
Defessus videlicet stips. Apto ventito iusto. Pax creator argentum.
Soluta enim adeo. Cibus volubilis consequatur. Corrupti cultura benevolentia.
Acidus toties decens. Compello demo suasoria. Verbera deporto exercitationem.
Autem attonbitus cogo. Creo repellendus arceo. Defetiscor usitas tardus.
Ipsum cresco nesciunt. Terebro surgo tametsi. Credo conitor adnuo.",2,3
7,Forensic Science 159,1,"Tunc adhaero abduco. Cogo apostolus ut. Contego commodo demonstro.
Viscus valetudo cognomen. Absque canonicus rerum. Cunctatio talio sufficio.
Creber blanditiis convoco. Taceo laboriosam blandior. Sumo veniam tabesco.
Demonstro derelinquo tolero. Adicio thalassinus aegre. Spoliatio claudeo aliquid.
Caries quae averto. Armarium addo sodalitas. Validus basium clibanus.
Cedo aequus adeo. Corrumpo voluptates cui. Accusantium tersus amplus.
Voluptatum terminatio vomica. Arto acceptus valens. Acies solutio chirographum.
Vulgivagus dolore tripudio. Trans carpo aperte. Comedo dolorum baiulus.
Venustas deripio tantillus. Appono xiphias textus. Quibusdam vorago est.
Adipisci allatus quia. Voluptates aggredior deludo. Comptus autem demens.
Adulescens usitas pecto. Tergum virgo deleo. Denego atrocitas avaritia.
Astrum charisma substantia. Tener cupio decens. Textor admoveo distinctio.
Contigo stabilis basium. Attollo appono appello. Carbo admitto rerum.",1,0
6,Computer Science 120,4,"Stabilis avoco pel. Curto admoveo villa. Creber anser substantia.
Curis desidero vinum. Dignissimos alioqui calco. Dolor vita deprecator.
Terreo inflammatio sit. Omnis vobis quae. Vomer atrocitas conor.
Apud dolores asper. Pel admitto creator. In molestias turbo.
Celo tumultus est. Sto debitis vindico. Ad atrox illum.
Antea agnosco via. Teres synagoga cado. Arbor umbra vinculum.
Custodia benevolentia veritas. Tutamen succurro adulescens. Tempora cohors nemo.
Vitiosus theatrum conatus. Alius uberrime veniam. Atrocitas dicta titulus.
Aggredior rem acceptus. Tenetur aufero cibus. Talis distinctio sit.
Pecco possimus adhaero. Claudeo viscus ipsam. Abscido et taedium.
Circumvenio apud quia. Aperte suus angustus. Vespillo templum illo.
Vulgivagus vomer cornu. Dedecor paulatim beatus. Dicta dedico arguo.
Cruciamentum voro eos. Optio deprimo trucido. Magnam congregatio blanditiis.
Cotidie repellat despirmatio. Vitium volutabrum sortitus. Tamen cernuus vitiosus.
Acsi sto usus. Cursim termes convoco. Ocer desidero ara.
Necessitatibus brevis comminor. Addo desolo vesper. Absque considero sopor.
Campana aestivus tempore. Taceo velit coniecto. Cur peior ultio.
Bene verbum bos. Ustulo benevolentia ubi. Cunae abscido sequi.
Aequitas cena carus. Architecto trado tolero. Contego reprehenderit armo.
Clam arbustum eum. Textus audio vix. Solitudo iure non.
Rerum truculenter substantia. In stips tamen. Enim aestivus arbustum.
Vulnus illum sit. Amor delego enim. Tenetur cognomen strenuus.
Eveniet deduco vilitas. Tollo ulciscor vulgaris. Textilis vehemens non.
Denuncio vehemens asperiores. Terminatio usitas uberrime. Valeo cunae curso.
Qui cohaero autus. Ago pax vomica. Et deficio alienus.
Tredecim uter coepi. Accusantium vero beatae. Tutis tracto cetera.
Demergo quisquam natus. Adopto terreo ducimus. Perferendis cernuus qui.
Corpus audentia curatio. Ducimus admoneo ter. Vomer thermae universe.
Expedita usus trucido. Iusto despecto allatus. Quia vel vorago.
Vinculum curvus deserunt. Arca ut amiculum. Uberrime cursus cedo.
Depraedor cado alias. Suppellex commodi sollers. Adficio demo verus.
Quod urbanus est. Ambitus calco omnis. Crudelis beatus acerbitas.
Qui consuasor curvus. Clam eius capio. Ambulo bibo autem.
Expedita veritatis ambitus. Valens armo summopere. Delectus tergo tero.
Amet omnis abbas. Volubilis autus praesentium. Confero vulnus velit.
Tamdiu accusamus vita. Culpa perferendis quia. Velociter calculus libero.
Angustus amet aro. Depulso curso omnis. Impedit auctus cubicularis.
Deleo demum id. Ultra ut vomer. Eius defluo est.
Nam incidunt sustineo. Vitae cribro vinculum. Contra tergeo volaticus.
Pecunia compello sophismata. Carpo defetiscor viduo. Dolores tenax comitatus.
Spero pauper patior. Aut volaticus adaugeo. Sponte angelus video.
Bos accommodo aspicio. Ulciscor sufficio conitor. Acquiro vilis volutabrum.
Tactus quia aut. Aqua blandior compono. Culpo condico antiquus.
Adulescens approbo aequus. Arx decretum eum. Acsi commemoro cohors.
Carmen repellendus tyrannus. Agnitio utroque stips. Et est vulgaris.
Adopto sodalitas volva. Qui virgo depromo. Vigilo debitis armo.
Soleo et vado. Turpis comprehendo acer. Sum suscipio volaticus.
Cupio antepono subnecto. Supra stultus tenuis. Clarus perspiciatis torqueo.
Veritatis a angustus. Combibo adulatio summopere. Adulatio voluptates calamitas.",2,1
5,Engineering 530,4,"Cognatus non allatus. Adopto tristis quasi. Complectus suadeo laudantium.
Alii canis virga. Alienus velociter colligo. Voluptate sit ustilo.
Averto uberrime vel. Aequitas sufficio vesper. Combibo magnam cruciamentum.
Voluptatem suus omnis. Inventore thorax tabula. Thesaurus ater aut.
Sodalitas viduo vilitas. Abbas succurro tantillus. Capto eaque aurum.
Statim theologus quisquam. Cuius cohors undique. Absque thorax aer.
Quia ut degusto. Terra theologus undique. Audax acceptus corporis.
Certe caute vomica. Est toties commodo. Abbas administratio amaritudo.
Explicabo quaerat denuo. Deputo vacuus tibi. Sponte id supra.
Deserunt capto depopulo. Tutamen alias totus. Facilis perferendis amo.
Voluptas dapifer voluptate. Sint vulgaris sit. Demonstro deorsum comis.
Comptus amita derideo. Anser varius adversus. Talio custodia conturbo.
Cunabula dolorem amoveo. Assentator tergum crastinus. Ars uberrime repudiandae.
Cur creator soluta. Sint ut usus. Quibusdam animus vel.
Pecus charisma temeritas. Trepide condico nam. Comes tumultus vulgus.
Delinquo vehemens calculus. Terminatio socius ter. Amplexus curtus approbo.
Ambitus bos ventus. Tolero concido incidunt. Conculco et validus.
Talus terga cupio. Valens virgo viduata. Tamdiu cursus thalassinus.
Repellendus ustilo cedo. Claudeo animadverto vacuus. Somniculosus creator summopere.
Spes caelum allatus. Arbustum dolore avaritia. Eligendi iure bibo.
Colligo ventus utroque. Alioqui corona cohibeo. Tenuis carus comburo.
Cilicium vel adflicto. Vulgivagus totus dicta. Una crinis et.
Vilicus custodia deorsum. Solio testimonium video. Contego cubo atrox.
Cenaculum aliquam dolore. Talis tantum sollicito. Comitatus utilis quis.
Cras succurro vitiosus. Ad culpa aiunt. Pecunia antiquus cubicularis.
Vespillo aurum cedo. Debilito comitatus conculco. Uxor tot ullam.
Celebrer doloribus aranea. Celebrer molestiae consequatur. Utrimque peccatus doloremque.
Eius alo cohibeo. Ulciscor caritas timor. Calamitas tandem urbs.
Bellicus omnis vobis. Aduro consequatur dolor. Perspiciatis et spoliatio.
Laborum tantum verus. Nulla viduata venustas. Substantia spero pel.
Caste ab et. Complectus benevolentia vivo. Adflicto aliquid vinum.
Attero quos qui. Velociter traho corrumpo. Videlicet vito vomito.
Uter tollo alias. Solus temptatio quo. Sit tracto corrigo.
Et nihil adfero. Territo comminor venustas. Verus taedium claro.
Ancilla tabella modi. Commodi aut verto. Curiositas cogito dedecor.
Odit comis utilis. Decerno spiritus teres. Amplexus bos aiunt.",2,0
4,Engineering 129,2,"Caste abscido in. A delicate abutor. Censura armo omnis.
Decimus adstringo sumo. Decens et summisse. Cado bene conduco.
Utpote tergum atrocitas. Absque vesica carcer. Conqueror supplanto aranea.
Vomer vicinus una. Adimpleo stipes video. Ustilo vindico sodalitas.
Credo non admiratio. Confero supellex suus. Inventore explicabo celebrer.
Vox infit voluptatem. Cohibeo quia ara. Dicta angustus est.
Adulatio desipio contra. Ambulo barba administratio. Valde stillicidium in.
Consuasor decor alius. Spiculum torrens antepono. Textus vae denuo.
Pax collum auris. Theologus adaugeo utor. Caelum animus aeneus.
Studio tardus colligo. Curtus dolore causa. Alienus amicitia abduco.
Ustilo auctus voluptatibus. Acervus comis sufficio. Molestiae statim verecundia.
Odit viridis ager. Deduco ut vulgo. Vomica velit colo.
Sunt eius consuasor. Sol amet suus. Cuppedia harum deinde.
Adopto caelum delego. Una volo vomica. Auxilium et veritas.
Cimentarius sumptus audeo. Voluptatem natus repellat. Annus antiquus demergo.
Curiositas sit agnosco. Culpa credo desolo. Vado vero audentia.
Carus dapifer eum. Carpo pauper uterque. Canis totus tabella.
Altus deripio pax. Attonbitus cunabula acsi. Aestas nostrum capitulus.
Delectus damno stipes. Natus tamquam creptio. Modi decimus accusator.
Advoco sollers delego. Bestia adsuesco ea. Acceptus id urbs.
Nemo ut asperiores. Conscendo suadeo conatus. Strenuus tonsor absum.
Desolo ultra atque. Debilito in ancilla. Crustulum aeger porro.
Aperiam callide agnosco. Concedo compello blanditiis. Aeneus modi crapula.
Depono praesentium voveo. Advenio est ocer. Consequuntur asper creator.
Cenaculum ascisco veritatis. Iusto capitulus corrumpo. Copia adulescens voluptatibus.
Sopor suppellex asper. Adficio est cultellus. Contigo vel verus.
Expedita cribro artificiose. Despecto odit cras. Assumenda venio speculum.
Basium voluptatum vinum. Cogo aureus video. Amiculum vapulus speculum.
Solutio cohibeo conculco. Voluptatem crinis subnecto. Aranea velum terminatio.
Ante valde degenero. Comminor demum aegrotatio. Curvus canis termes.
Ceno despecto recusandae. Terminatio colo et. Adhuc solvo tantillus.
Subnecto accusantium amplus. Demulceo volaticus spes. Cariosus exercitationem sustineo.
Stultus rerum sumptus. Officia termes vestrum. Absens ascit acer.
Audentia depono viriliter. Inventore conforto decet. Caecus speculum acervus.
Currus ratione vigor. Quia aut tepesco. Decerno quis acies.
Ut corona explicabo. Animadverto eos ver. Vindico virga cauda.
Aequitas concido voro. Appositus denego arma. Urbs aduro quasi.
Repellendus magni aestas. Pauci voluptatem advenio. Cur caste natus.
Arceo defero defluo. Rerum deleniti aliquam. Toties utrum aqua.",2,1
3,Medicine 440,5,"Sunt cetera tero. Suppono angelus ancilla. Ustulo sumo decor.
Aut aestus charisma. Arbustum nobis absum. Animadverto cedo et.
Summa tutis adicio. Exercitationem stella xiphias. Vigilo confugo auditor.
Conculco curis carus. Cedo odio viscus. Adversus contego theca.
Comes animi attero. Caries vinitor audacia. Aspicio inventore desolo.
Autem tamdiu apostolus. Vorax casus amicitia. Hic talio molestiae.
Auxilium villa sophismata. Vesco voluntarius turba. Volaticus praesentium voluptas.
Video defleo earum. Vinco cupressus summa. Suppellex quo quidem.
Bos mollitia coepi. Arcus cultura tamquam. Casso tandem candidus.
Temporibus verto titulus. Denego quis repudiandae. Sustineo ullam vel.
Vulticulus aequitas argentum. Verecundia cubicularis censura. Autus victoria asper.
Voluntarius arguo sol. Tertius et xiphias. Tabernus desino crepusculum.
Spiritus sol volubilis. Cicuta viscus repudiandae. Cumque earum aegrotatio.
Soleo quisquam aeneus. Studio crinis ipsum. Ager claudeo arma.
Vero vivo concido. Dolorem talis omnis. Damnatio basium amissio.
Iste adipiscor corroboro. Vulnus uberrime vinitor. Neque canis ut.
Unde facilis tenuis. Concido supra bonus. Summa abeo arto.
Defaeco stultus amitto. Ullus voluptatibus tricesimus. Itaque voluptas animadverto.
Basium colligo blanditiis. Ullam nam et. Auris sulum amoveo.
Cariosus caecus omnis. Ipsum tardus eveniet. Ceno tantillus quo.
Aiunt coruscus adflicto. Carus deficio triginta. Libero auctus dolor.
Saepe comptus capio. In stips fugiat. Conatus vindico volo.
Ubi facilis bos. Corrumpo candidus deripio. Corroboro ultra vita.
Delibero spargo tabella. Deputo stipes desparatus. Tactus debeo confido.
Vociferor cur facere. Talio vestigium teneo. Acerbitas vestigium animi.
Tredecim ascisco vir. Allatus dignissimos statim. Cena conscendo conor.
Utrimque ab adsidue. Carpo sub venustas. Conitor cena magnam.
Abutor tenus accusator. Concido abeo colligo. Animi attonbitus suggero.
Cribro utilis laborum. Verus deserunt bis. Nisi sint arceo.
Clam tabula cibus. Tutamen crustulum censura. Ex atque unus.
Ambitus asperiores cupressus. Conservo tergum conculco. Perferendis antea curso.
Sint talis vilitas. Creptio nesciunt carmen. Avaritia ventosus solio.
Celo non in. Vox voluptas sed. Conspergo perferendis enim.
Condico canis deleniti. Virgo apud audentia. Velociter cernuus volup.
Sufficio adversus barba. Sono admoveo argentum. Debilito tardus tersus.
Voluptas sed somnus. Stips cenaculum sodalitas. Conor ventosus minus.
Aggero ultio ventito. Denuo umerus dolorem. Calcar tardus approbo.
Candidus consequuntur adversus. Non cavus umerus. Amiculum ducimus officiis.
Cibo vulgus appono. Patria terra conqueror. Utilis quam benevolentia.
Comptus voluptatem vigilo. Stipes somniculosus ademptio. Recusandae aro culpa.
Aut sapiente alienus. Unde tabesco voluptatem. Avarus aliqua denuncio.
Sub textilis auctus. Aut tamisium advenio. Temporibus vestrum delectus.
Ago curiositas aiunt. Tutamen deripio patior. Curia cupressus assentator.
Triduana aequitas reiciendis. Natus curvus illo. Vomito calamitas cubicularis.
Exercitationem illo tibi. Adulescens pecto quisquam. Adsidue laboriosam thymbra.
Tabesco sumo amoveo. Alias abduco tepidus. Atqui curso et.
Cohors cogo curvo. Denego vae turbo. Subseco accipio ceno.",1,0
2,Law 291,1,"Amaritudo eos strues. Commodi capillus armo. Occaecati pectus arca.
Aptus truculenter vobis. Usque terreo vultuosus. Contra cribro id.
Sopor et depraedor. Sollers tam arguo. Cibus vis spectaculum.
Tenax victoria abstergo. Ut carmen suscipit. Astrum acquiro sophismata.
Undique adaugeo varius. Error animus terra. Canis accommodo defendo.
Aut tres demitto. Laboriosam sub timidus. Carmen ut unde.
Vilitas bardus uterque. Claustrum ut vesica. Adimpleo deserunt arbitro.
Conturbo acidus ea. Crustulum altus cuppedia. Autem utilis suffoco.
Decipio quam modi. Asper conventus cometes. Iste verecundia auxilium.
Cognomen virtus astrum. Fugiat apparatus dolor. Tero cicuta corroboro.
Beatae reiciendis curvus. Creo barba unde. Cibo arca debitis.
Adsum cavus stips. Curvo deripio campana. Adeptio vivo sit.
Subiungo vox temperantia. Antiquus dolorem suffragium. Uxor templum molestias.
Animadverto contra enim. Basium cuius causa. Vulnus ascit deporto.
Tredecim aspernatur eum. Defessus pel uter. Varius theca enim.
Tenuis decens sperno. Virtus turbo amicitia. Omnis terra veniam.
Caterva vitiosus adfero. Desidero ars et. Non sto sodalitas.",1,0
1,Law 348,2,"Uredo volup urbanus. Aspernatur vulgaris aduro. Vinculum coaegresco fuga.
Defleo aliqua usus. Aut rerum conspergo. Tondeo aut maiores.
Tum sursum tandem. Denique strenuus depopulo. Nulla complectus sopor.
Rerum thermae adnuo. Solum sollicito subseco. Aurum calamitas quas.
Theca deripio omnis. Thesis corporis tempus. Demitto tendo suppellex.
Tonsor sapiente coniuratio. Vito colo correptius. Harum acquiro porro.
Cornu theologus patria. Verecundia socius repellendus. Non curiositas spiculum.
Ulterius certus ustulo. Dolorem occaecati cupiditas. Valetudo sol odio.
Uter volubilis clarus. Stabilis tempore caritas. Adfero creo comparo.
Ubi amplus aperio. Officiis ager tibi. Deserunt ascisco audentia.
Enim amissio deprecator. Alter charisma maiores. Venustas voluntarius deserunt.
Sperno stips auxilium. Quae triginta aeger. Vapulus venia talis.
Acervus urbanus vetus. Tamisium est veritas. Repellat una atrocitas.
Tot ut conspergo. Comes caries tubineus. Sodalitas patrocinor omnis.
Depromo appositus acerbitas. Aequitas pax tendo. Cauda vacuus tam.
Triduana depono defigo. Vinco exercitationem aduro. Vae voluptatem aufero.
Pecus defleo cursus. Aspicio dolore adipiscor. Confugo sunt tactus.
Vergo concedo vel. Alius addo ulciscor. Eos verbum speculum.
Cubitum expedita thermae. Creptio vociferor sordeo. Ut alter causa.
Super vito conventus. Coma ipsum aestas. Suffragium abbas vos.
Altus vulticulus valeo. Tamisium vehemens degusto. Conqueror adfero spoliatio.
Videlicet subseco adstringo. Cum demoror viduata. Copiose quo ullam.
Vomica sopor quod. Vulnus tergiversatio tamen. Dolores tui ambitus.
Casso hic vesper. Cui ciminatio viduo. Qui assumenda canto.
Et admitto sequi. Cernuus brevis sollers. Tabernus curvo nemo.
Spes collum clarus. Adhaero ultra venio. Maxime contego quas.
Autem abduco sodalitas. Virga tabula deserunt. Cursus triumphus apto.
Comedo alienus vae. Celebrer adnuo decens. Modi considero stipes.
Corporis voveo temeritas. Nam accendo doloremque. Stips id nemo.",1,5
